-- phpMyAdmin SQL Dump
-- version 4.4.15.7
-- http://www.phpmyadmin.net
--
-- Host: dreamcomsadba.mysql.db
-- Generation Time: Dec 20, 2016 at 09:05 AM
-- Server version: 5.5.53-0+deb7u1-log
-- PHP Version: 5.4.45-0+deb7u5

SET SQL_MODE = "NO_AUTO_VALUE_ON_ZERO";
SET time_zone = "+00:00";


/*!40101 SET @OLD_CHARACTER_SET_CLIENT=@@CHARACTER_SET_CLIENT */;
/*!40101 SET @OLD_CHARACTER_SET_RESULTS=@@CHARACTER_SET_RESULTS */;
/*!40101 SET @OLD_COLLATION_CONNECTION=@@COLLATION_CONNECTION */;
/*!40101 SET NAMES utf8mb4 */;

--
-- Database: `dreamcomsadba`
--

-- --------------------------------------------------------

--
-- Table structure for table `commande`
--

CREATE TABLE IF NOT EXISTS `commande` (
  `id` varchar(50) NOT NULL,
  `dateComm` varchar(30) NOT NULL,
  `etat` varchar(50) NOT NULL DEFAULT 'En cours',
  `valeur` float NOT NULL,
  `idClient` int(11) NOT NULL
) ENGINE=InnoDB DEFAULT CHARSET=utf8;

--
-- Dumping data for table `commande`
--

INSERT INTO `commande` (`id`, `dateComm`, `etat`, `valeur`, `idClient`) VALUES
('HH1480945518', '2016-12-05', 'Imprimee', 100, 940152936),
('HH1480949570', '2016-12-05', 'Imprimee', 10, 940152936),
('HH1481229570', '2016-12-08', 'Imprimee', 52, 940152936),
('HH1481403097', '2016-12-10', 'Imprimee', 5, 940152936),
('HH1481707692', '2016-12-14', 'Imprimee', 9, 940152936),
('SbN1480949187', '2016-12-05', 'Imprimee', 50, 1952945379),
('SbN1480949876', '2016-12-05', 'Imprimee', 10, 1952945379),
('SbN1481009209', '2016-12-06', 'En cours', 550, 1952945379);

-- --------------------------------------------------------

--
-- Table structure for table `customers`
--

CREATE TABLE IF NOT EXISTS `customers` (
  `id` int(11) NOT NULL,
  `name` varchar(100) NOT NULL,
  `email` varchar(100) NOT NULL,
  `pass` varchar(100) NOT NULL,
  `etat` enum('Y','N') NOT NULL DEFAULT 'N',
  `tel` varchar(50) NOT NULL,
  `adresse` varchar(100) NOT NULL
) ENGINE=InnoDB DEFAULT CHARSET=utf8;

--
-- Dumping data for table `customers`
--

INSERT INTO `customers` (`id`, `name`, `email`, `pass`, `etat`, `tel`, `adresse`) VALUES
(940152936, 'Houcem Hedhly', 'hedhoucem@gmail.com', '$2y$10$3jJx6Dh6B09SmD8w86Dci.qJjTU87sSi8GW7ZQF.Zwv69W0yH7dxa', 'Y', '52313532', 'Zarzouna'),
(1952945379, 'Slah ben NASR', 'slah.nasr@naviworld.tn', '$2y$10$Rs7n3b0j6AO37Fq5uNqxaueu5daBGc2OLv2rOIospYZXeAHgQkPqa', 'Y', '21108123', 'El Alia Bizerte');

-- --------------------------------------------------------

--
-- Table structure for table `historyprint`
--

CREATE TABLE IF NOT EXISTS `historyprint` (
  `idLigneImpression` bigint(20) NOT NULL,
  `nserie` bigint(20) NOT NULL,
  `code` bigint(20) NOT NULL,
  `valeur` int(11) NOT NULL,
  `dateExp` varchar(10) NOT NULL
) ENGINE=InnoDB DEFAULT CHARSET=utf8;

--
-- Dumping data for table `historyprint`
--

INSERT INTO `historyprint` (`idLigneImpression`, `nserie`, `code`, `valeur`, `dateExp`) VALUES
(13, 1600190186, 9192652732323, 1, '31/12/2020'),
(13, 1600190187, 8930559985677, 1, '31/12/2020'),
(13, 1600190188, 7047035244847, 1, '31/12/2020'),
(13, 1600190189, 7038340565550, 1, '31/12/2020'),
(13, 1600190190, 4853985585502, 1, '31/12/2020'),
(13, 1600190191, 6567884858136, 1, '31/12/2020'),
(13, 1600190192, 5492787303920, 1, '31/12/2020'),
(14, 1600190193, 2791613283126, 1, '31/12/2020'),
(14, 1600190194, 7508240876907, 1, '31/12/2020'),
(14, 1600190195, 5671664296119, 1, '31/12/2020'),
(14, 1600190196, 4106224901713, 1, '31/12/2020'),
(14, 1600190197, 7723325554901, 1, '31/12/2020'),
(14, 1600190198, 6665490328900, 1, '31/12/2020'),
(14, 1600190199, 1330438828802, 1, '31/12/2020'),
(14, 1600190200, 6620814931772, 1, '31/12/2020'),
(15, 1600190201, 6506607966171, 1, '31/12/2020'),
(15, 1600190202, 1251739294336, 1, '31/12/2020'),
(15, 1600190203, 2942165440247, 1, '31/12/2020'),
(15, 1600190204, 5464570931743, 1, '31/12/2020'),
(15, 1600190205, 5823440777508, 1, '31/12/2020'),
(15, 1600190206, 7335322957925, 1, '31/12/2020'),
(15, 1600190207, 3232145155316, 1, '31/12/2020'),
(15, 1600190208, 3528428624974, 1, '31/12/2020'),
(15, 1600190209, 3521277925383, 1, '31/12/2020'),
(16, 1600190210, 2003163007603, 1, '31/12/2020'),
(16, 1600190211, 5399969733300, 1, '31/12/2020'),
(16, 1600190212, 2171691933818, 1, '31/12/2020'),
(16, 1600190213, 9898563524846, 1, '31/12/2020'),
(16, 1600190214, 6396253085619, 1, '31/12/2020'),
(16, 1600190215, 8622650771895, 1, '31/12/2020'),
(16, 1600190216, 2617801004928, 1, '31/12/2020'),
(16, 1600190217, 8014665896403, 1, '31/12/2020'),
(16, 1600190218, 2428667679592, 1, '31/12/2020'),
(16, 1600190219, 6877419279780, 1, '31/12/2020'),
(16, 1600190220, 9047500623203, 1, '31/12/2020'),
(19, 1600190233, 1192788778790, 1, '31/12/2020'),
(19, 1600190234, 5472255614353, 1, '31/12/2020'),
(19, 1600190235, 8967378485880, 1, '31/12/2020'),
(19, 1600190236, 2964746421722, 1, '31/12/2020'),
(19, 1600190237, 9604811953054, 1, '31/12/2020'),
(19, 1600190238, 2977197906129, 1, '31/12/2020'),
(19, 1600190239, 9580210669263, 1, '31/12/2020');

-- --------------------------------------------------------

--
-- Table structure for table `historyvendu`
--

CREATE TABLE IF NOT EXISTS `historyvendu` (
  `idLigneCommande` int(11) NOT NULL,
  `nserie` bigint(20) NOT NULL,
  `code` bigint(20) NOT NULL,
  `valeur` int(11) NOT NULL,
  `dateExp` varchar(10) NOT NULL
) ENGINE=InnoDB DEFAULT CHARSET=utf8;

--
-- Dumping data for table `historyvendu`
--

INSERT INTO `historyvendu` (`idLigneCommande`, `nserie`, `code`, `valeur`, `dateExp`) VALUES
(28, 1600190170, 5164995368070, 1, '31/12/2020'),
(28, 1600190171, 7755841985953, 1, '31/12/2020'),
(28, 1600190172, 6246610181555, 1, '31/12/2020'),
(28, 1600190173, 4950847812616, 1, '31/12/2020'),
(28, 1600190174, 1043625853650, 1, '31/12/2020'),
(28, 1600190175, 7521767250883, 1, '31/12/2020'),
(28, 1600190176, 5508240874927, 1, '31/12/2020'),
(28, 1600190177, 9211820331145, 1, '31/12/2020'),
(28, 1600190178, 1806030847597, 1, '31/12/2020'),
(28, 1600190179, 3518048120523, 1, '31/12/2020'),
(28, 1600190180, 1117514138962, 1, '31/12/2020'),
(28, 1600190181, 7782799164264, 1, '31/12/2020'),
(28, 1600190182, 1438284713718, 1, '31/12/2020'),
(28, 1600190183, 3837789422023, 1, '31/12/2020'),
(28, 1600190184, 6818268173935, 1, '31/12/2020'),
(28, 1600190185, 8649130069077, 1, '31/12/2020'),
(28, 1600190186, 9192652732323, 1, '31/12/2020'),
(28, 1600190187, 8930559985677, 1, '31/12/2020'),
(28, 1600190188, 7047035244847, 1, '31/12/2020'),
(28, 1600190189, 7038340565550, 1, '31/12/2020'),
(28, 1600190190, 4853985585502, 1, '31/12/2020'),
(28, 1600190191, 6567884858136, 1, '31/12/2020'),
(28, 1600190192, 5492787303920, 1, '31/12/2020'),
(28, 1600190193, 2791613283126, 1, '31/12/2020'),
(28, 1600190194, 7508240876907, 1, '31/12/2020'),
(28, 1600190195, 5671664296119, 1, '31/12/2020'),
(28, 1600190196, 4106224901713, 1, '31/12/2020'),
(28, 1600190197, 7723325554901, 1, '31/12/2020'),
(28, 1600190198, 6665490328900, 1, '31/12/2020'),
(28, 1600190199, 1330438828802, 1, '31/12/2020'),
(28, 1600190200, 6620814931772, 1, '31/12/2020'),
(28, 1600190201, 6506607966171, 1, '31/12/2020'),
(28, 1600190202, 1251739294336, 1, '31/12/2020'),
(28, 1600190203, 2942165440247, 1, '31/12/2020'),
(28, 1600190204, 5464570931743, 1, '31/12/2020'),
(28, 1600190205, 5823440777508, 1, '31/12/2020'),
(28, 1600190206, 7335322957925, 1, '31/12/2020'),
(28, 1600190207, 3232145155316, 1, '31/12/2020'),
(28, 1600190208, 3528428624974, 1, '31/12/2020'),
(28, 1600190209, 3521277925383, 1, '31/12/2020'),
(28, 1600190210, 2003163007603, 1, '31/12/2020'),
(28, 1600190211, 5399969733300, 1, '31/12/2020'),
(28, 1600190212, 2171691933818, 1, '31/12/2020'),
(28, 1600190213, 9898563524846, 1, '31/12/2020'),
(28, 1600190214, 6396253085619, 1, '31/12/2020'),
(28, 1600190215, 8622650771895, 1, '31/12/2020'),
(28, 1600190216, 2617801004928, 1, '31/12/2020'),
(28, 1600190217, 8014665896403, 1, '31/12/2020'),
(28, 1600190218, 2428667679592, 1, '31/12/2020'),
(28, 1600190219, 6877419279780, 1, '31/12/2020'),
(28, 1600190220, 9047500623203, 1, '31/12/2020'),
(28, 1600190221, 9637396942274, 1, '31/12/2020'),
(28, 1600190222, 3009728682861, 1, '31/12/2020'),
(28, 1600190223, 8501286514464, 1, '31/12/2020'),
(28, 1600190224, 8753895040241, 1, '31/12/2020'),
(28, 1600190225, 7504443182066, 1, '31/12/2020'),
(28, 1600190226, 6804083400392, 1, '31/12/2020'),
(28, 1600190227, 4302399805893, 1, '31/12/2020'),
(28, 1600190228, 6935192670753, 1, '31/12/2020'),
(28, 1600190229, 4709646748816, 1, '31/12/2020'),
(28, 1600190230, 4589981556457, 1, '31/12/2020'),
(28, 1600190231, 6896042382111, 1, '31/12/2020'),
(28, 1600190232, 1142892922224, 1, '31/12/2020'),
(28, 1600190233, 1192788778790, 1, '31/12/2020'),
(28, 1600190234, 5472255614353, 1, '31/12/2020'),
(28, 1600190235, 8967378485880, 1, '31/12/2020'),
(28, 1600190236, 2964746421722, 1, '31/12/2020'),
(28, 1600190237, 9604811953054, 1, '31/12/2020'),
(28, 1600190238, 2977197906129, 1, '31/12/2020'),
(28, 1600190239, 9580210669263, 1, '31/12/2020'),
(28, 1600190240, 7538623930063, 1, '31/12/2020'),
(28, 1600190241, 4881302309553, 1, '31/12/2020'),
(28, 1600190242, 1737118326035, 1, '31/12/2020'),
(28, 1600190243, 4939383823544, 1, '31/12/2020'),
(28, 1600190244, 6987937945816, 1, '31/12/2020'),
(28, 1600190245, 6894233351993, 1, '31/12/2020'),
(28, 1600190246, 4928323863220, 1, '31/12/2020'),
(28, 1600190247, 1118500244476, 1, '31/12/2020'),
(28, 1600190248, 6612695377534, 1, '31/12/2020'),
(28, 1600190249, 8032978048088, 1, '31/12/2020'),
(28, 1600190250, 1374502651539, 1, '31/12/2020'),
(28, 1600190251, 4766564008559, 1, '31/12/2020'),
(28, 1600190252, 4073586271540, 1, '31/12/2020'),
(28, 1600190253, 4881563648715, 1, '31/12/2020'),
(28, 1600190254, 5455829594448, 1, '31/12/2020'),
(28, 1600190255, 6812394381723, 1, '31/12/2020'),
(28, 1600190256, 8298507772501, 1, '31/12/2020'),
(28, 1600190257, 1939819052978, 1, '31/12/2020'),
(28, 1600190258, 4219403297148, 1, '31/12/2020'),
(28, 1600190259, 2198797626647, 1, '31/12/2020'),
(28, 1600190260, 2345796709906, 1, '31/12/2020'),
(28, 1600190261, 1396419618735, 1, '31/12/2020'),
(28, 1600190262, 9219916458500, 1, '31/12/2020'),
(28, 1600190263, 7773983765610, 1, '31/12/2020'),
(28, 1600190264, 3101490251694, 1, '31/12/2020'),
(28, 1600190265, 7106224911257, 1, '31/12/2020'),
(28, 1600190266, 5062615382125, 1, '31/12/2020'),
(28, 1600190267, 6117514137519, 1, '31/12/2020'),
(28, 1600190268, 9612898139783, 1, '31/12/2020'),
(28, 1600190269, 5939819106695, 1, '31/12/2020'),
(30, 1600190320, 2175889202799, 1, '31/12/2020'),
(30, 1600190321, 8403268948550, 1, '31/12/2020'),
(30, 1600190322, 7613106268780, 1, '31/12/2020'),
(30, 1600190323, 2719118134865, 1, '31/12/2020'),
(30, 1600190324, 2650523747684, 1, '31/12/2020'),
(30, 1600190325, 8438253934044, 1, '31/12/2020'),
(30, 1600190326, 3656086197843, 1, '31/12/2020'),
(30, 1600190327, 6616578777075, 1, '31/12/2020'),
(30, 1600190328, 5998741246503, 1, '31/12/2020'),
(30, 1600190329, 6489080832252, 1, '31/12/2020'),
(31, 1600190330, 4096646035234, 1, '31/12/2020'),
(31, 1600190331, 9981909337807, 1, '31/12/2020'),
(31, 1600190332, 3337445788660, 1, '31/12/2020'),
(31, 1600190333, 1359506447495, 1, '31/12/2020'),
(31, 1600190334, 5435145507341, 1, '31/12/2020'),
(31, 1600190335, 6349213311339, 1, '31/12/2020'),
(31, 1600190336, 8843527330183, 1, '31/12/2020'),
(31, 1600190337, 6362296777186, 1, '31/12/2020'),
(31, 1600190338, 5622650786169, 1, '31/12/2020'),
(31, 1600190339, 1712691210011, 1, '31/12/2020'),
(32, 1600190340, 1103469681336, 1, '31/12/2020'),
(32, 1600190341, 3317176889423, 1, '31/12/2020'),
(32, 1600190342, 2818726866180, 1, '31/12/2020'),
(32, 1600190343, 2110460604405, 1, '31/12/2020'),
(32, 1600190344, 8110395368803, 1, '31/12/2020'),
(32, 1600190345, 1420530735061, 1, '31/12/2020'),
(32, 1600190346, 6227318826484, 1, '31/12/2020'),
(32, 1600190347, 8348174374671, 1, '31/12/2020'),
(32, 1600190348, 6215444639255, 1, '31/12/2020'),
(32, 1600190349, 5983963638281, 1, '31/12/2020'),
(33, 1600190350, 3991556224822, 1, '31/12/2020'),
(33, 1600190351, 4335759014807, 1, '31/12/2020'),
(33, 1600190352, 5976659733730, 1, '31/12/2020'),
(33, 1600190353, 2795637129200, 1, '31/12/2020'),
(33, 1600190354, 3392237143602, 1, '31/12/2020'),
(33, 1600190355, 7949725440581, 1, '31/12/2020'),
(33, 1600190356, 5972848654415, 1, '31/12/2020'),
(33, 1600190357, 2774043223125, 1, '31/12/2020'),
(33, 1600190358, 6886045822970, 1, '31/12/2020'),
(33, 1600190359, 5854779264582, 1, '31/12/2020'),
(38, 1600190512, 1544308069389, 1, '31/12/2020'),
(38, 1600190513, 7500744098499, 1, '31/12/2020'),
(38, 1600190514, 5895070098578, 1, '31/12/2020'),
(38, 1600190515, 3745550587876, 1, '31/12/2020'),
(38, 1600190516, 9244091055838, 1, '31/12/2020'),
(39, 1600190224, 8753895040241, 1, '31/12/2020'),
(39, 1600190225, 7504443182066, 1, '31/12/2020'),
(39, 1600190226, 6804083400392, 1, '31/12/2020'),
(39, 1600190227, 4302399805893, 1, '31/12/2020'),
(39, 1600190228, 6935192670753, 1, '31/12/2020'),
(39, 1600190229, 4709646748816, 1, '31/12/2020'),
(39, 1600190230, 4589981556457, 1, '31/12/2020'),
(39, 1600190231, 6896042382111, 1, '31/12/2020'),
(39, 1600190232, 1142892922224, 1, '31/12/2020');

-- --------------------------------------------------------

--
-- Table structure for table `impressiontkt`
--

CREATE TABLE IF NOT EXISTS `impressiontkt` (
  `id` varchar(50) NOT NULL,
  `dateImpression` varchar(50) NOT NULL,
  `etat` varchar(50) NOT NULL DEFAULT 'En cours',
  `valeur` int(11) NOT NULL,
  `idAgent` int(11) NOT NULL
) ENGINE=InnoDB DEFAULT CHARSET=utf8;

--
-- Dumping data for table `impressiontkt`
--

INSERT INTO `impressiontkt` (`id`, `dateImpression`, `etat`, `valeur`, `idAgent`) VALUES
('HH1481577044', '2016-12-12', 'Imprimee', 5, 1426944623),
('HH1481665336', '2016-12-13', 'Imprimee', 6, 1426944623),
('HH1481703740', '2016-12-14', 'Imprimee', 10, 1426944623),
('HH1481704349', '2016-12-14', 'Archivee', 7, 1426944623),
('HH1481704522', '2016-12-14', 'Imprimee', 8, 1426944623),
('HH1481704719', '2016-12-14', 'Imprimee', 9, 1426944623),
('HH1481704951', '2016-12-14', 'Archivee', 11, 1426944623),
('HH1481707352', '2016-12-14', 'Imprimee', 1, 1426944623),
('HH1481707412', '2016-12-14', 'Reactivee', 2, 1426944623),
('HH1481710829', '2016-12-14', 'Archivee', 7, 1426944623);

-- --------------------------------------------------------

--
-- Table structure for table `lignecommande`
--

CREATE TABLE IF NOT EXISTS `lignecommande` (
  `id` int(11) NOT NULL,
  `quantite` int(11) NOT NULL,
  `valeur` int(11) NOT NULL,
  `totalLigne` int(11) NOT NULL,
  `idCommande` varchar(50) NOT NULL
) ENGINE=InnoDB AUTO_INCREMENT=40 DEFAULT CHARSET=utf8;

--
-- Dumping data for table `lignecommande`
--

INSERT INTO `lignecommande` (`id`, `quantite`, `valeur`, `totalLigne`, `idCommande`) VALUES
(28, 100, 1, 100, 'HH1480945518'),
(29, 50, 1, 50, 'SbN1480949187'),
(30, 10, 1, 10, 'HH1480949570'),
(31, 10, 1, 10, 'HH1480949570'),
(32, 10, 1, 10, 'HH1480949570'),
(33, 10, 1, 10, 'SbN1480949876'),
(34, 100, 1, 100, 'SbN1481009209'),
(35, 50, 5, 250, 'SbN1481009209'),
(36, 20, 10, 200, 'SbN1481009209'),
(37, 52, 1, 52, 'HH1481229570'),
(38, 5, 1, 5, 'HH1481403097'),
(39, 9, 1, 9, 'HH1481707692');

-- --------------------------------------------------------

--
-- Table structure for table `ligneimpression`
--

CREATE TABLE IF NOT EXISTS `ligneimpression` (
  `id` bigint(20) NOT NULL,
  `quantite` int(11) NOT NULL,
  `valeur` int(11) NOT NULL,
  `totalLigne` int(11) NOT NULL,
  `idImpressionTkt` varchar(50) NOT NULL
) ENGINE=InnoDB AUTO_INCREMENT=20 DEFAULT CHARSET=utf8;

--
-- Dumping data for table `ligneimpression`
--

INSERT INTO `ligneimpression` (`id`, `quantite`, `valeur`, `totalLigne`, `idImpressionTkt`) VALUES
(1, 5, 1, 5, 'HH1481577044'),
(11, 6, 1, 6, 'HH1481665336'),
(12, 10, 1, 10, 'HH1481703740'),
(13, 7, 1, 7, 'HH1481704349'),
(14, 8, 1, 8, 'HH1481704522'),
(15, 9, 1, 9, 'HH1481704719'),
(16, 11, 1, 11, 'HH1481704951'),
(17, 1, 1, 1, 'HH1481707352'),
(18, 2, 1, 2, 'HH1481707412'),
(19, 7, 1, 7, 'HH1481710829');

-- --------------------------------------------------------

--
-- Table structure for table `lotlignecommande`
--

CREATE TABLE IF NOT EXISTS `lotlignecommande` (
  `idLigneCommande` int(11) NOT NULL,
  `nserie` bigint(20) NOT NULL,
  `code` bigint(20) NOT NULL,
  `valeur` int(11) NOT NULL,
  `dateExpr` varchar(10) NOT NULL
) ENGINE=InnoDB DEFAULT CHARSET=utf8;

--
-- Dumping data for table `lotlignecommande`
--

INSERT INTO `lotlignecommande` (`idLigneCommande`, `nserie`, `code`, `valeur`, `dateExpr`) VALUES
(29, 1600190270, 8265951890927, 1, '31/12/2020'),
(29, 1600190271, 5420138130543, 1, '31/12/2020'),
(29, 1600190272, 9341064061981, 1, '31/12/2020'),
(29, 1600190273, 3692197253457, 1, '31/12/2020'),
(29, 1600190274, 2551257723087, 1, '31/12/2020'),
(29, 1600190275, 6584864257767, 1, '31/12/2020'),
(29, 1600190276, 2500825271694, 1, '31/12/2020'),
(29, 1600190277, 3663952350900, 1, '31/12/2020'),
(29, 1600190278, 2687075649354, 1, '31/12/2020'),
(29, 1600190279, 1246480169675, 1, '31/12/2020'),
(29, 1600190280, 5576564969537, 1, '31/12/2020'),
(29, 1600190281, 7433252318605, 1, '31/12/2020'),
(29, 1600190282, 2225849473744, 1, '31/12/2020'),
(29, 1600190283, 1046887159357, 1, '31/12/2020'),
(29, 1600190284, 5286589768446, 1, '31/12/2020'),
(29, 1600190285, 7339051367724, 1, '31/12/2020'),
(29, 1600190286, 4942165517460, 1, '31/12/2020'),
(29, 1600190287, 4190246877515, 1, '31/12/2020'),
(29, 1600190288, 4887227245492, 1, '31/12/2020'),
(29, 1600190289, 3627583920399, 1, '31/12/2020'),
(29, 1600190290, 8271889916039, 1, '31/12/2020'),
(29, 1600190291, 1687075580493, 1, '31/12/2020'),
(29, 1600190292, 2160039357467, 1, '31/12/2020'),
(29, 1600190293, 1186325213610, 1, '31/12/2020'),
(29, 1600190294, 9202628633177, 1, '31/12/2020'),
(29, 1600190295, 6112422585011, 1, '31/12/2020'),
(29, 1600190296, 1094044105544, 1, '31/12/2020'),
(29, 1600190297, 3241707849667, 1, '31/12/2020'),
(29, 1600190298, 6396967640585, 1, '31/12/2020'),
(29, 1600190299, 4626187704696, 1, '31/12/2020'),
(29, 1600190300, 2928072341515, 1, '31/12/2020'),
(29, 1600190301, 3665964094939, 1, '31/12/2020'),
(29, 1600190302, 1626127742811, 1, '31/12/2020'),
(29, 1600190303, 6104302810000, 1, '31/12/2020'),
(29, 1600190304, 9549653474096, 1, '31/12/2020'),
(29, 1600190305, 5346097618465, 1, '31/12/2020'),
(29, 1600190306, 1579982805679, 1, '31/12/2020'),
(29, 1600190307, 4136900409009, 1, '31/12/2020'),
(29, 1600190308, 5270263193670, 1, '31/12/2020'),
(29, 1600190309, 8751849427659, 1, '31/12/2020'),
(29, 1600190310, 3751849444363, 1, '31/12/2020'),
(29, 1600190311, 1922900905316, 1, '31/12/2020'),
(29, 1600190312, 8014815389789, 1, '31/12/2020'),
(29, 1600190313, 1695698818899, 1, '31/12/2020'),
(29, 1600190314, 5031541549283, 1, '31/12/2020'),
(29, 1600190315, 6215444718485, 1, '31/12/2020'),
(29, 1600190316, 9125866831215, 1, '31/12/2020'),
(29, 1600190317, 8357152759059, 1, '31/12/2020'),
(29, 1600190318, 4079448832895, 1, '31/12/2020'),
(29, 1600190319, 6663106816153, 1, '31/12/2020'),
(34, 1600190360, 2224854501413, 1, '31/12/2020'),
(34, 1600190361, 9919625319580, 1, '31/12/2020'),
(34, 1600190362, 4794330386229, 1, '31/12/2020'),
(34, 1600190363, 2542100659293, 1, '31/12/2020'),
(34, 1600190364, 7721874290312, 1, '31/12/2020'),
(34, 1600190365, 5936857783254, 1, '31/12/2020'),
(34, 1600190366, 1290796854065, 1, '31/12/2020'),
(34, 1600190367, 9634275876942, 1, '31/12/2020'),
(34, 1600190368, 4050750934612, 1, '31/12/2020'),
(34, 1600190369, 3500752413084, 1, '31/12/2020'),
(34, 1600190370, 7870693300370, 1, '31/12/2020'),
(34, 1600190371, 3683871457371, 1, '31/12/2020'),
(34, 1600190372, 7875907844447, 1, '31/12/2020'),
(34, 1600190373, 2368846999763, 1, '31/12/2020'),
(34, 1600190374, 2047639992334, 1, '31/12/2020'),
(34, 1600190375, 9629636934524, 1, '31/12/2020'),
(34, 1600190376, 3580464887719, 1, '31/12/2020'),
(34, 1600190377, 6711990281103, 1, '31/12/2020'),
(34, 1600190378, 4961189641501, 1, '31/12/2020'),
(34, 1600190379, 1688559868605, 1, '31/12/2020'),
(34, 1600190380, 2208733387487, 1, '31/12/2020'),
(34, 1600190381, 4335194887244, 1, '31/12/2020'),
(34, 1600190382, 2818450274350, 1, '31/12/2020'),
(34, 1600190383, 2585339520249, 1, '31/12/2020'),
(34, 1600190384, 9301813884566, 1, '31/12/2020'),
(34, 1600190385, 9395835624106, 1, '31/12/2020'),
(34, 1600190386, 9652743980154, 1, '31/12/2020'),
(34, 1600190387, 8530396777252, 1, '31/12/2020'),
(34, 1600190388, 2204308818372, 1, '31/12/2020'),
(34, 1600190389, 8547703175919, 1, '31/12/2020'),
(34, 1600190390, 5774056068256, 1, '31/12/2020'),
(34, 1600190391, 4649473983243, 1, '31/12/2020'),
(34, 1600190392, 5077210110069, 1, '31/12/2020'),
(34, 1600190393, 4962237182312, 1, '31/12/2020'),
(34, 1600190394, 3801122001574, 1, '31/12/2020'),
(34, 1600190395, 9025832122329, 1, '31/12/2020'),
(34, 1600190396, 2983909364983, 1, '31/12/2020'),
(34, 1600190397, 4689629095771, 1, '31/12/2020'),
(34, 1600190398, 7386417990810, 1, '31/12/2020'),
(34, 1600190399, 2846980205690, 1, '31/12/2020'),
(34, 1600190400, 2321791398820, 1, '31/12/2020'),
(34, 1600190401, 4068533190814, 1, '31/12/2020'),
(34, 1600190402, 9904760477889, 1, '31/12/2020'),
(34, 1600190403, 3776687194612, 1, '31/12/2020'),
(34, 1600190404, 4256443204687, 1, '31/12/2020'),
(34, 1600190405, 9200134562337, 1, '31/12/2020'),
(34, 1600190406, 4837259048289, 1, '31/12/2020'),
(34, 1600190407, 1167464652358, 1, '31/12/2020'),
(34, 1600190408, 7809800412915, 1, '31/12/2020'),
(34, 1600190409, 6273695477243, 1, '31/12/2020'),
(34, 1600190410, 5817714849601, 1, '31/12/2020'),
(34, 1600190411, 5155107776676, 1, '31/12/2020'),
(34, 1600190412, 5177831574292, 1, '31/12/2020'),
(34, 1600190413, 4161708859322, 1, '31/12/2020'),
(34, 1600190414, 9903919655177, 1, '31/12/2020'),
(34, 1600190415, 4481136326486, 1, '31/12/2020'),
(34, 1600190416, 8780416520955, 1, '31/12/2020'),
(34, 1600190417, 7128833452196, 1, '31/12/2020'),
(34, 1600190418, 8210645111057, 1, '31/12/2020'),
(34, 1600190419, 5342753017758, 1, '31/12/2020'),
(34, 1600190420, 2912363661199, 1, '31/12/2020'),
(34, 1600190421, 5791604571238, 1, '31/12/2020'),
(34, 1600190422, 1460618328163, 1, '31/12/2020'),
(34, 1600190423, 2430666429298, 1, '31/12/2020'),
(34, 1600190424, 7104662638152, 1, '31/12/2020'),
(34, 1600190425, 9719380092014, 1, '31/12/2020'),
(34, 1600190426, 1880052978544, 1, '31/12/2020'),
(34, 1600190427, 9650933081061, 1, '31/12/2020'),
(34, 1600190428, 3635647861915, 1, '31/12/2020'),
(34, 1600190429, 3355228338691, 1, '31/12/2020'),
(34, 1600190430, 5785558815518, 1, '31/12/2020'),
(34, 1600190431, 8173125207382, 1, '31/12/2020'),
(34, 1600190432, 2061470013723, 1, '31/12/2020'),
(34, 1600190433, 2015420080891, 1, '31/12/2020'),
(34, 1600190434, 5558774177193, 1, '31/12/2020'),
(34, 1600190435, 4112796852064, 1, '31/12/2020'),
(34, 1600190436, 4459758356372, 1, '31/12/2020'),
(34, 1600190437, 9920037388168, 1, '31/12/2020'),
(34, 1600190438, 2616578717589, 1, '31/12/2020'),
(34, 1600190439, 2832801138116, 1, '31/12/2020'),
(34, 1600190440, 7933651321637, 1, '31/12/2020'),
(34, 1600190441, 5859047799485, 1, '31/12/2020'),
(34, 1600190442, 5980754173800, 1, '31/12/2020'),
(34, 1600190443, 9402093206321, 1, '31/12/2020'),
(34, 1600190444, 4864051472264, 1, '31/12/2020'),
(34, 1600190445, 1088705454726, 1, '31/12/2020'),
(34, 1600190446, 2877173133771, 1, '31/12/2020'),
(34, 1600190447, 3845775436471, 1, '31/12/2020'),
(34, 1600190448, 2228967619219, 1, '31/12/2020'),
(34, 1600190449, 8447215422379, 1, '31/12/2020'),
(34, 1600190450, 2586922492099, 1, '31/12/2020'),
(34, 1600190451, 7318625465218, 1, '31/12/2020'),
(34, 1600190452, 2462846073633, 1, '31/12/2020'),
(34, 1600190453, 3991556197419, 1, '31/12/2020'),
(34, 1600190454, 6066757850597, 1, '31/12/2020'),
(34, 1600190455, 5495108043942, 1, '31/12/2020'),
(34, 1600190456, 4637548779351, 1, '31/12/2020'),
(34, 1600190457, 5681616479279, 1, '31/12/2020'),
(34, 1600190458, 9641456219144, 1, '31/12/2020'),
(34, 1600190459, 1095975140889, 1, '31/12/2020'),
(37, 1600190460, 1257762206564, 1, '31/12/2020'),
(37, 1600190461, 5656497888543, 1, '31/12/2020'),
(37, 1600190462, 8929112281804, 1, '31/12/2020'),
(37, 1600190463, 3736927092256, 1, '31/12/2020'),
(37, 1600190464, 7762367266184, 1, '31/12/2020'),
(37, 1600190465, 7107990705148, 1, '31/12/2020'),
(37, 1600190466, 1129070483506, 1, '31/12/2020'),
(37, 1600190467, 7376922023971, 1, '31/12/2020'),
(37, 1600190468, 6720759613894, 1, '31/12/2020'),
(37, 1600190469, 5276598848730, 1, '31/12/2020'),
(37, 1600190470, 3613483691828, 1, '31/12/2020'),
(37, 1600190471, 9083250885760, 1, '31/12/2020'),
(37, 1600190472, 2438284752321, 1, '31/12/2020'),
(37, 1600190473, 3177287564128, 1, '31/12/2020'),
(37, 1600190474, 5895844083371, 1, '31/12/2020'),
(37, 1600190475, 9394798026821, 1, '31/12/2020'),
(37, 1600190476, 2894945571162, 1, '31/12/2020'),
(37, 1600190477, 5652777963615, 1, '31/12/2020'),
(37, 1600190478, 8101861422111, 1, '31/12/2020'),
(37, 1600190479, 2362772891086, 1, '31/12/2020'),
(37, 1600190480, 1322206920027, 1, '31/12/2020'),
(37, 1600190481, 6264284570094, 1, '31/12/2020'),
(37, 1600190482, 5171015436537, 1, '31/12/2020'),
(37, 1600190483, 3501212050816, 1, '31/12/2020'),
(37, 1600190484, 5633300570324, 1, '31/12/2020'),
(37, 1600190485, 4985842014577, 1, '31/12/2020'),
(37, 1600190486, 2590750203784, 1, '31/12/2020'),
(37, 1600190487, 7169862565704, 1, '31/12/2020'),
(37, 1600190488, 7870701738370, 1, '31/12/2020'),
(37, 1600190489, 2258958883583, 1, '31/12/2020'),
(37, 1600190490, 5621359792186, 1, '31/12/2020'),
(37, 1600190491, 3805538927375, 1, '31/12/2020'),
(37, 1600190492, 8941882772905, 1, '31/12/2020'),
(37, 1600190493, 2943555114228, 1, '31/12/2020'),
(37, 1600190494, 6987698026442, 1, '31/12/2020'),
(37, 1600190495, 9211428472274, 1, '31/12/2020'),
(37, 1600190496, 7412921959309, 1, '31/12/2020'),
(37, 1600190497, 2528428600696, 1, '31/12/2020'),
(37, 1600190498, 4830268221704, 1, '31/12/2020'),
(37, 1600190499, 8343593984146, 1, '31/12/2020'),
(37, 1600190500, 5835154791323, 1, '31/12/2020'),
(37, 1600190501, 3201575964751, 1, '31/12/2020'),
(37, 1600190502, 1818658828019, 1, '31/12/2020'),
(37, 1600190503, 2342142853040, 1, '31/12/2020'),
(37, 1600190504, 5208379518313, 1, '31/12/2020'),
(37, 1600190505, 7734620477172, 1, '31/12/2020'),
(37, 1600190506, 4452898244807, 1, '31/12/2020'),
(37, 1600190507, 3945366470785, 1, '31/12/2020'),
(37, 1600190508, 8315976554960, 1, '31/12/2020'),
(37, 1600190509, 3073638352391, 1, '31/12/2020'),
(37, 1600190510, 7438507986344, 1, '31/12/2020'),
(37, 1600190511, 7749860790466, 1, '31/12/2020');

-- --------------------------------------------------------

--
-- Table structure for table `lotligneimpression`
--

CREATE TABLE IF NOT EXISTS `lotligneimpression` (
  `idLigneImpression` bigint(20) NOT NULL,
  `nserie` bigint(20) NOT NULL,
  `code` bigint(20) NOT NULL,
  `vlr` int(11) NOT NULL,
  `dateExpr` varchar(10) NOT NULL
) ENGINE=InnoDB DEFAULT CHARSET=utf8;

--
-- Dumping data for table `lotligneimpression`
--

INSERT INTO `lotligneimpression` (`idLigneImpression`, `nserie`, `code`, `vlr`, `dateExpr`) VALUES
(11, 1600190170, 5164995368070, 1, '31/12/2020'),
(11, 1600190171, 7755841985953, 1, '31/12/2020'),
(11, 1600190172, 6246610181555, 1, '31/12/2020'),
(11, 1600190173, 4950847812616, 1, '31/12/2020'),
(11, 1600190174, 1043625853650, 1, '31/12/2020'),
(11, 1600190175, 7521767250883, 1, '31/12/2020'),
(12, 1600190176, 5508240874927, 1, '31/12/2020'),
(12, 1600190177, 9211820331145, 1, '31/12/2020'),
(12, 1600190178, 1806030847597, 1, '31/12/2020'),
(12, 1600190179, 3518048120523, 1, '31/12/2020'),
(12, 1600190180, 1117514138962, 1, '31/12/2020'),
(12, 1600190181, 7782799164264, 1, '31/12/2020'),
(12, 1600190182, 1438284713718, 1, '31/12/2020'),
(12, 1600190183, 3837789422023, 1, '31/12/2020'),
(12, 1600190184, 6818268173935, 1, '31/12/2020'),
(12, 1600190185, 8649130069077, 1, '31/12/2020'),
(17, 1600190221, 9637396942274, 1, '31/12/2020'),
(18, 1600190222, 3009728682861, 1, '31/12/2020'),
(18, 1600190223, 8501286514464, 1, '31/12/2020');

-- --------------------------------------------------------

--
-- Table structure for table `recharge`
--

CREATE TABLE IF NOT EXISTS `recharge` (
  `nserie` bigint(20) NOT NULL,
  `code` bigint(20) NOT NULL,
  `vlr` int(11) NOT NULL,
  `dateExp` varchar(10) NOT NULL
) ENGINE=InnoDB DEFAULT CHARSET=utf8;

--
-- Dumping data for table `recharge`
--

INSERT INTO `recharge` (`nserie`, `code`, `vlr`, `dateExp`) VALUES
(1600190240, 7538623930063, 1, '31/12/2020'),
(1600190241, 4881302309553, 1, '31/12/2020'),
(1600190242, 1737118326035, 1, '31/12/2020'),
(1600190243, 4939383823544, 1, '31/12/2020'),
(1600190244, 6987937945816, 1, '31/12/2020'),
(1600190245, 6894233351993, 1, '31/12/2020'),
(1600190246, 4928323863220, 1, '31/12/2020'),
(1600190247, 1118500244476, 1, '31/12/2020'),
(1600190248, 6612695377534, 1, '31/12/2020'),
(1600190249, 8032978048088, 1, '31/12/2020'),
(1600190250, 1374502651539, 1, '31/12/2020'),
(1600190251, 4766564008559, 1, '31/12/2020'),
(1600190252, 4073586271540, 1, '31/12/2020'),
(1600190253, 4881563648715, 1, '31/12/2020'),
(1600190254, 5455829594448, 1, '31/12/2020'),
(1600190255, 6812394381723, 1, '31/12/2020'),
(1600190256, 8298507772501, 1, '31/12/2020'),
(1600190257, 1939819052978, 1, '31/12/2020'),
(1600190258, 4219403297148, 1, '31/12/2020'),
(1600190259, 2198797626647, 1, '31/12/2020'),
(1600190260, 2345796709906, 1, '31/12/2020'),
(1600190261, 1396419618735, 1, '31/12/2020'),
(1600190262, 9219916458500, 1, '31/12/2020'),
(1600190263, 7773983765610, 1, '31/12/2020'),
(1600190264, 3101490251694, 1, '31/12/2020'),
(1600190265, 7106224911257, 1, '31/12/2020'),
(1600190266, 5062615382125, 1, '31/12/2020'),
(1600190267, 6117514137519, 1, '31/12/2020'),
(1600190268, 9612898139783, 1, '31/12/2020'),
(1600190269, 5939819106695, 1, '31/12/2020'),
(1600190270, 8265951890927, 1, '31/12/2020'),
(1600190271, 5420138130543, 1, '31/12/2020'),
(1600190272, 9341064061981, 1, '31/12/2020'),
(1600190273, 3692197253457, 1, '31/12/2020'),
(1600190274, 2551257723087, 1, '31/12/2020'),
(1600190275, 6584864257767, 1, '31/12/2020'),
(1600190276, 2500825271694, 1, '31/12/2020'),
(1600190277, 3663952350900, 1, '31/12/2020'),
(1600190278, 2687075649354, 1, '31/12/2020'),
(1600190279, 1246480169675, 1, '31/12/2020'),
(1600190280, 5576564969537, 1, '31/12/2020'),
(1600190281, 7433252318605, 1, '31/12/2020'),
(1600190282, 2225849473744, 1, '31/12/2020'),
(1600190283, 1046887159357, 1, '31/12/2020'),
(1600190284, 5286589768446, 1, '31/12/2020'),
(1600190285, 7339051367724, 1, '31/12/2020'),
(1600190286, 4942165517460, 1, '31/12/2020'),
(1600190287, 4190246877515, 1, '31/12/2020'),
(1600190288, 4887227245492, 1, '31/12/2020'),
(1600190289, 3627583920399, 1, '31/12/2020'),
(1600190290, 8271889916039, 1, '31/12/2020'),
(1600190291, 1687075580493, 1, '31/12/2020'),
(1600190292, 2160039357467, 1, '31/12/2020'),
(1600190293, 1186325213610, 1, '31/12/2020'),
(1600190294, 9202628633177, 1, '31/12/2020'),
(1600190295, 6112422585011, 1, '31/12/2020'),
(1600190296, 1094044105544, 1, '31/12/2020'),
(1600190297, 3241707849667, 1, '31/12/2020'),
(1600190298, 6396967640585, 1, '31/12/2020'),
(1600190299, 4626187704696, 1, '31/12/2020'),
(1600190300, 2928072341515, 1, '31/12/2020'),
(1600190301, 3665964094939, 1, '31/12/2020'),
(1600190302, 1626127742811, 1, '31/12/2020'),
(1600190303, 6104302810000, 1, '31/12/2020'),
(1600190304, 9549653474096, 1, '31/12/2020'),
(1600190305, 5346097618465, 1, '31/12/2020'),
(1600190306, 1579982805679, 1, '31/12/2020'),
(1600190307, 4136900409009, 1, '31/12/2020'),
(1600190308, 5270263193670, 1, '31/12/2020'),
(1600190309, 8751849427659, 1, '31/12/2020'),
(1600190310, 3751849444363, 1, '31/12/2020'),
(1600190311, 1922900905316, 1, '31/12/2020'),
(1600190312, 8014815389789, 1, '31/12/2020'),
(1600190313, 1695698818899, 1, '31/12/2020'),
(1600190314, 5031541549283, 1, '31/12/2020'),
(1600190315, 6215444718485, 1, '31/12/2020'),
(1600190316, 9125866831215, 1, '31/12/2020'),
(1600190317, 8357152759059, 1, '31/12/2020'),
(1600190318, 4079448832895, 1, '31/12/2020'),
(1600190319, 6663106816153, 1, '31/12/2020'),
(1600190320, 2175889202799, 1, '31/12/2020'),
(1600190321, 8403268948550, 1, '31/12/2020'),
(1600190322, 7613106268780, 1, '31/12/2020'),
(1600190323, 2719118134865, 1, '31/12/2020'),
(1600190324, 2650523747684, 1, '31/12/2020'),
(1600190325, 8438253934044, 1, '31/12/2020'),
(1600190326, 3656086197843, 1, '31/12/2020'),
(1600190327, 6616578777075, 1, '31/12/2020'),
(1600190328, 5998741246503, 1, '31/12/2020'),
(1600190329, 6489080832252, 1, '31/12/2020'),
(1600190330, 4096646035234, 1, '31/12/2020'),
(1600190331, 9981909337807, 1, '31/12/2020'),
(1600190332, 3337445788660, 1, '31/12/2020'),
(1600190333, 1359506447495, 1, '31/12/2020'),
(1600190334, 5435145507341, 1, '31/12/2020'),
(1600190335, 6349213311339, 1, '31/12/2020'),
(1600190336, 8843527330183, 1, '31/12/2020'),
(1600190337, 6362296777186, 1, '31/12/2020'),
(1600190338, 5622650786169, 1, '31/12/2020'),
(1600190339, 1712691210011, 1, '31/12/2020'),
(1600190340, 1103469681336, 1, '31/12/2020'),
(1600190341, 3317176889423, 1, '31/12/2020'),
(1600190342, 2818726866180, 1, '31/12/2020'),
(1600190343, 2110460604405, 1, '31/12/2020'),
(1600190344, 8110395368803, 1, '31/12/2020'),
(1600190345, 1420530735061, 1, '31/12/2020'),
(1600190346, 6227318826484, 1, '31/12/2020'),
(1600190347, 8348174374671, 1, '31/12/2020'),
(1600190348, 6215444639255, 1, '31/12/2020'),
(1600190349, 5983963638281, 1, '31/12/2020'),
(1600190350, 3991556224822, 1, '31/12/2020'),
(1600190351, 4335759014807, 1, '31/12/2020'),
(1600190352, 5976659733730, 1, '31/12/2020'),
(1600190353, 2795637129200, 1, '31/12/2020'),
(1600190354, 3392237143602, 1, '31/12/2020'),
(1600190355, 7949725440581, 1, '31/12/2020'),
(1600190356, 5972848654415, 1, '31/12/2020'),
(1600190357, 2774043223125, 1, '31/12/2020'),
(1600190358, 6886045822970, 1, '31/12/2020'),
(1600190359, 5854779264582, 1, '31/12/2020'),
(1600190360, 2224854501413, 1, '31/12/2020'),
(1600190361, 9919625319580, 1, '31/12/2020'),
(1600190362, 4794330386229, 1, '31/12/2020'),
(1600190363, 2542100659293, 1, '31/12/2020'),
(1600190364, 7721874290312, 1, '31/12/2020'),
(1600190365, 5936857783254, 1, '31/12/2020'),
(1600190366, 1290796854065, 1, '31/12/2020'),
(1600190367, 9634275876942, 1, '31/12/2020'),
(1600190368, 4050750934612, 1, '31/12/2020'),
(1600190369, 3500752413084, 1, '31/12/2020'),
(1600190370, 7870693300370, 1, '31/12/2020'),
(1600190371, 3683871457371, 1, '31/12/2020'),
(1600190372, 7875907844447, 1, '31/12/2020'),
(1600190373, 2368846999763, 1, '31/12/2020'),
(1600190374, 2047639992334, 1, '31/12/2020'),
(1600190375, 9629636934524, 1, '31/12/2020'),
(1600190376, 3580464887719, 1, '31/12/2020'),
(1600190377, 6711990281103, 1, '31/12/2020'),
(1600190378, 4961189641501, 1, '31/12/2020'),
(1600190379, 1688559868605, 1, '31/12/2020'),
(1600190380, 2208733387487, 1, '31/12/2020'),
(1600190381, 4335194887244, 1, '31/12/2020'),
(1600190382, 2818450274350, 1, '31/12/2020'),
(1600190383, 2585339520249, 1, '31/12/2020'),
(1600190384, 9301813884566, 1, '31/12/2020'),
(1600190385, 9395835624106, 1, '31/12/2020'),
(1600190386, 9652743980154, 1, '31/12/2020'),
(1600190387, 8530396777252, 1, '31/12/2020'),
(1600190388, 2204308818372, 1, '31/12/2020'),
(1600190389, 8547703175919, 1, '31/12/2020'),
(1600190390, 5774056068256, 1, '31/12/2020'),
(1600190391, 4649473983243, 1, '31/12/2020'),
(1600190392, 5077210110069, 1, '31/12/2020'),
(1600190393, 4962237182312, 1, '31/12/2020'),
(1600190394, 3801122001574, 1, '31/12/2020'),
(1600190395, 9025832122329, 1, '31/12/2020'),
(1600190396, 2983909364983, 1, '31/12/2020'),
(1600190397, 4689629095771, 1, '31/12/2020'),
(1600190398, 7386417990810, 1, '31/12/2020'),
(1600190399, 2846980205690, 1, '31/12/2020'),
(1600190400, 2321791398820, 1, '31/12/2020'),
(1600190401, 4068533190814, 1, '31/12/2020'),
(1600190402, 9904760477889, 1, '31/12/2020'),
(1600190403, 3776687194612, 1, '31/12/2020'),
(1600190404, 4256443204687, 1, '31/12/2020'),
(1600190405, 9200134562337, 1, '31/12/2020'),
(1600190406, 4837259048289, 1, '31/12/2020'),
(1600190407, 1167464652358, 1, '31/12/2020'),
(1600190408, 7809800412915, 1, '31/12/2020'),
(1600190409, 6273695477243, 1, '31/12/2020'),
(1600190410, 5817714849601, 1, '31/12/2020'),
(1600190411, 5155107776676, 1, '31/12/2020'),
(1600190412, 5177831574292, 1, '31/12/2020'),
(1600190413, 4161708859322, 1, '31/12/2020'),
(1600190414, 9903919655177, 1, '31/12/2020'),
(1600190415, 4481136326486, 1, '31/12/2020'),
(1600190416, 8780416520955, 1, '31/12/2020'),
(1600190417, 7128833452196, 1, '31/12/2020'),
(1600190418, 8210645111057, 1, '31/12/2020'),
(1600190419, 5342753017758, 1, '31/12/2020'),
(1600190420, 2912363661199, 1, '31/12/2020'),
(1600190421, 5791604571238, 1, '31/12/2020'),
(1600190422, 1460618328163, 1, '31/12/2020'),
(1600190423, 2430666429298, 1, '31/12/2020'),
(1600190424, 7104662638152, 1, '31/12/2020'),
(1600190425, 9719380092014, 1, '31/12/2020'),
(1600190426, 1880052978544, 1, '31/12/2020'),
(1600190427, 9650933081061, 1, '31/12/2020'),
(1600190428, 3635647861915, 1, '31/12/2020'),
(1600190429, 3355228338691, 1, '31/12/2020'),
(1600190430, 5785558815518, 1, '31/12/2020'),
(1600190431, 8173125207382, 1, '31/12/2020'),
(1600190432, 2061470013723, 1, '31/12/2020'),
(1600190433, 2015420080891, 1, '31/12/2020'),
(1600190434, 5558774177193, 1, '31/12/2020'),
(1600190435, 4112796852064, 1, '31/12/2020'),
(1600190436, 4459758356372, 1, '31/12/2020'),
(1600190437, 9920037388168, 1, '31/12/2020'),
(1600190438, 2616578717589, 1, '31/12/2020'),
(1600190439, 2832801138116, 1, '31/12/2020'),
(1600190440, 7933651321637, 1, '31/12/2020'),
(1600190441, 5859047799485, 1, '31/12/2020'),
(1600190442, 5980754173800, 1, '31/12/2020'),
(1600190443, 9402093206321, 1, '31/12/2020'),
(1600190444, 4864051472264, 1, '31/12/2020'),
(1600190445, 1088705454726, 1, '31/12/2020'),
(1600190446, 2877173133771, 1, '31/12/2020'),
(1600190447, 3845775436471, 1, '31/12/2020'),
(1600190448, 2228967619219, 1, '31/12/2020'),
(1600190449, 8447215422379, 1, '31/12/2020'),
(1600190450, 2586922492099, 1, '31/12/2020'),
(1600190451, 7318625465218, 1, '31/12/2020'),
(1600190452, 2462846073633, 1, '31/12/2020'),
(1600190453, 3991556197419, 1, '31/12/2020'),
(1600190454, 6066757850597, 1, '31/12/2020'),
(1600190455, 5495108043942, 1, '31/12/2020'),
(1600190456, 4637548779351, 1, '31/12/2020'),
(1600190457, 5681616479279, 1, '31/12/2020'),
(1600190458, 9641456219144, 1, '31/12/2020'),
(1600190459, 1095975140889, 1, '31/12/2020'),
(1600190460, 1257762206564, 1, '31/12/2020'),
(1600190461, 5656497888543, 1, '31/12/2020'),
(1600190462, 8929112281804, 1, '31/12/2020'),
(1600190463, 3736927092256, 1, '31/12/2020'),
(1600190464, 7762367266184, 1, '31/12/2020'),
(1600190465, 7107990705148, 1, '31/12/2020'),
(1600190466, 1129070483506, 1, '31/12/2020'),
(1600190467, 7376922023971, 1, '31/12/2020'),
(1600190468, 6720759613894, 1, '31/12/2020'),
(1600190469, 5276598848730, 1, '31/12/2020'),
(1600190470, 3613483691828, 1, '31/12/2020'),
(1600190471, 9083250885760, 1, '31/12/2020'),
(1600190472, 2438284752321, 1, '31/12/2020'),
(1600190473, 3177287564128, 1, '31/12/2020'),
(1600190474, 5895844083371, 1, '31/12/2020'),
(1600190475, 9394798026821, 1, '31/12/2020'),
(1600190476, 2894945571162, 1, '31/12/2020'),
(1600190477, 5652777963615, 1, '31/12/2020'),
(1600190478, 8101861422111, 1, '31/12/2020'),
(1600190479, 2362772891086, 1, '31/12/2020'),
(1600190480, 1322206920027, 1, '31/12/2020'),
(1600190481, 6264284570094, 1, '31/12/2020'),
(1600190482, 5171015436537, 1, '31/12/2020'),
(1600190483, 3501212050816, 1, '31/12/2020'),
(1600190484, 5633300570324, 1, '31/12/2020'),
(1600190485, 4985842014577, 1, '31/12/2020'),
(1600190486, 2590750203784, 1, '31/12/2020'),
(1600190487, 7169862565704, 1, '31/12/2020'),
(1600190488, 7870701738370, 1, '31/12/2020'),
(1600190489, 2258958883583, 1, '31/12/2020'),
(1600190490, 5621359792186, 1, '31/12/2020'),
(1600190491, 3805538927375, 1, '31/12/2020'),
(1600190492, 8941882772905, 1, '31/12/2020'),
(1600190493, 2943555114228, 1, '31/12/2020'),
(1600190494, 6987698026442, 1, '31/12/2020'),
(1600190495, 9211428472274, 1, '31/12/2020'),
(1600190496, 7412921959309, 1, '31/12/2020'),
(1600190497, 2528428600696, 1, '31/12/2020'),
(1600190498, 4830268221704, 1, '31/12/2020'),
(1600190499, 8343593984146, 1, '31/12/2020'),
(1600190500, 5835154791323, 1, '31/12/2020'),
(1600190501, 3201575964751, 1, '31/12/2020'),
(1600190502, 1818658828019, 1, '31/12/2020'),
(1600190503, 2342142853040, 1, '31/12/2020'),
(1600190504, 5208379518313, 1, '31/12/2020'),
(1600190505, 7734620477172, 1, '31/12/2020'),
(1600190506, 4452898244807, 1, '31/12/2020'),
(1600190507, 3945366470785, 1, '31/12/2020'),
(1600190508, 8315976554960, 1, '31/12/2020'),
(1600190509, 3073638352391, 1, '31/12/2020'),
(1600190510, 7438507986344, 1, '31/12/2020'),
(1600190511, 7749860790466, 1, '31/12/2020'),
(1600190512, 1544308069389, 1, '31/12/2020'),
(1600190513, 7500744098499, 1, '31/12/2020'),
(1600190514, 5895070098578, 1, '31/12/2020'),
(1600190515, 3745550587876, 1, '31/12/2020'),
(1600190516, 9244091055838, 1, '31/12/2020'),
(1600190517, 5533427029334, 1, '31/12/2020'),
(1600190518, 8481136251932, 1, '31/12/2020'),
(1600190519, 4558398716155, 1, '31/12/2020'),
(1600190520, 5667364846286, 1, '31/12/2020'),
(1600190521, 8812609788684, 1, '31/12/2020'),
(1600190522, 3634275847078, 1, '31/12/2020'),
(1600190523, 8164031710265, 1, '31/12/2020'),
(1600190524, 9656497899679, 1, '31/12/2020'),
(1600190525, 5395791499628, 1, '31/12/2020'),
(1600190526, 6932163830093, 1, '31/12/2020'),
(1600190527, 2278175787412, 1, '31/12/2020'),
(1600190528, 3177831526018, 1, '31/12/2020'),
(1600190529, 4905304137496, 1, '31/12/2020'),
(1600190530, 7162782046843, 1, '31/12/2020'),
(1600190531, 1629450458310, 1, '31/12/2020'),
(1600190532, 5489867618080, 1, '31/12/2020'),
(1600190533, 2259414721455, 1, '31/12/2020'),
(1600190534, 6650974214568, 1, '31/12/2020'),
(1600190535, 5361749921629, 1, '31/12/2020'),
(1600190536, 4689582875259, 1, '31/12/2020'),
(1600190537, 7395054545421, 1, '31/12/2020'),
(1600190538, 2542620501586, 1, '31/12/2020'),
(1600190539, 6904155714833, 1, '31/12/2020'),
(1600190540, 7790662820665, 1, '31/12/2020'),
(1600190541, 1229796153775, 1, '31/12/2020'),
(1600190542, 7428901188734, 1, '31/12/2020'),
(1600190543, 4542624666471, 1, '31/12/2020'),
(1600190544, 3766965920413, 1, '31/12/2020'),
(1600190545, 9705288366541, 1, '31/12/2020'),
(1600190546, 4711005501530, 1, '31/12/2020'),
(1600190547, 8026405504154, 1, '31/12/2020'),
(1600190548, 9460035602988, 1, '31/12/2020'),
(1600190549, 4125647006721, 1, '31/12/2020'),
(1600190550, 9416967720662, 1, '31/12/2020'),
(1600190551, 4460664446449, 1, '31/12/2020'),
(1600190552, 9734205668228, 1, '31/12/2020'),
(1600190553, 7965191448633, 1, '31/12/2020'),
(1600190554, 7077210176790, 1, '31/12/2020'),
(1600190555, 6321650768224, 1, '31/12/2020'),
(1600190556, 3019959575187, 1, '31/12/2020'),
(1600190557, 9310112467345, 1, '31/12/2020'),
(1600190558, 1994657136140, 1, '31/12/2020'),
(1600190559, 3910063293295, 1, '31/12/2020'),
(1600190560, 6946556661024, 1, '31/12/2020'),
(1600190561, 9142780927541, 1, '31/12/2020'),
(1600190562, 3692216913903, 1, '31/12/2020'),
(1600190563, 7187919626097, 1, '31/12/2020'),
(1600190564, 7335758936838, 1, '31/12/2020'),
(1600190565, 8487884729574, 1, '31/12/2020'),
(1600190566, 3041810639082, 1, '31/12/2020'),
(1600190567, 8383216278236, 1, '31/12/2020'),
(1600190568, 2790313845358, 1, '31/12/2020'),
(1600190569, 5655797019776, 1, '31/12/2020'),
(1600190570, 1169621020401, 1, '31/12/2020'),
(1600190571, 2213891555573, 1, '31/12/2020'),
(1600190572, 6107364584306, 1, '31/12/2020'),
(1600190573, 3409119706489, 1, '31/12/2020'),
(1600190574, 9708155293050, 1, '31/12/2020'),
(1600190575, 2862465731800, 1, '31/12/2020'),
(1600190576, 9522298804320, 1, '31/12/2020'),
(1600190577, 3945208738105, 1, '31/12/2020'),
(1600190578, 1576140766791, 1, '31/12/2020'),
(1600190579, 7248137955386, 1, '31/12/2020'),
(1600190580, 2511586718420, 1, '31/12/2020'),
(1600190581, 2956060637223, 1, '31/12/2020'),
(1600190582, 5741242868352, 1, '31/12/2020'),
(1600190583, 6543113430931, 1, '31/12/2020'),
(1600190584, 9675021167603, 1, '31/12/2020'),
(1600190585, 8846924855017, 1, '31/12/2020'),
(1600190586, 8423719885912, 1, '31/12/2020'),
(1600190587, 5363590732218, 1, '31/12/2020'),
(1600190588, 1794423017034, 1, '31/12/2020'),
(1600190589, 3260552121796, 1, '31/12/2020'),
(1600190590, 8432034690367, 1, '31/12/2020'),
(1600190591, 7522068524109, 1, '31/12/2020'),
(1600190592, 3661904922905, 1, '31/12/2020'),
(1600190593, 7879296278522, 1, '31/12/2020'),
(1600190594, 9726101777220, 1, '31/12/2020'),
(1600190595, 8177890669692, 1, '31/12/2020'),
(1600190596, 7554644323698, 1, '31/12/2020'),
(1600190597, 2453505595349, 1, '31/12/2020'),
(1600190598, 9359663948510, 1, '31/12/2020'),
(1600190599, 1159695296927, 1, '31/12/2020'),
(1600190600, 5636207528977, 1, '31/12/2020'),
(1600190601, 5933961531148, 1, '31/12/2020'),
(1600190602, 2354350281696, 1, '31/12/2020'),
(1600190603, 5278386320519, 1, '31/12/2020'),
(1600190604, 4734783638311, 1, '31/12/2020'),
(1600190605, 2646224245715, 1, '31/12/2020'),
(1600190606, 7208030205099, 1, '31/12/2020'),
(1600190607, 4905681603666, 1, '31/12/2020'),
(1600190608, 9432165654683, 1, '31/12/2020'),
(1600190609, 8295688817825, 1, '31/12/2020'),
(1600190610, 2551430318642, 1, '31/12/2020'),
(1600190611, 7716574581586, 1, '31/12/2020'),
(1600190612, 7886145668175, 1, '31/12/2020'),
(1600190613, 5169447199693, 1, '31/12/2020'),
(1600190614, 7251137524945, 1, '31/12/2020'),
(1600190615, 3643183810619, 1, '31/12/2020'),
(1600190616, 3844444965297, 1, '31/12/2020'),
(1600190617, 1709373489630, 1, '31/12/2020'),
(1600190618, 9717954593693, 1, '31/12/2020'),
(1600190619, 6573765818207, 1, '31/12/2020'),
(1600190620, 1929315183789, 1, '31/12/2020'),
(1600190621, 3535983798523, 1, '31/12/2020'),
(1600190622, 4481464554975, 1, '31/12/2020'),
(1600190623, 6468606579783, 1, '31/12/2020'),
(1600190624, 6993156769435, 1, '31/12/2020'),
(1600190625, 6482275414575, 1, '31/12/2020'),
(1600190626, 3070973891912, 1, '31/12/2020'),
(1600190627, 2571005570738, 1, '31/12/2020'),
(1600190628, 8816187580527, 1, '31/12/2020'),
(1600190629, 3833293530842, 1, '31/12/2020'),
(1600190630, 6333028466701, 1, '31/12/2020'),
(1600190631, 1879788364213, 1, '31/12/2020'),
(1600190632, 4831002588889, 1, '31/12/2020'),
(1600190633, 9057630434468, 1, '31/12/2020'),
(1600190634, 3913834690255, 1, '31/12/2020'),
(1600190635, 1050661210218, 1, '31/12/2020'),
(1600190636, 8636249354986, 1, '31/12/2020'),
(1600190637, 6730781864988, 1, '31/12/2020'),
(1600190638, 8347091897871, 1, '31/12/2020'),
(1600190639, 4894762384869, 1, '31/12/2020'),
(1600190640, 5327456436186, 1, '31/12/2020'),
(1600190641, 4455079448269, 1, '31/12/2020'),
(1600190642, 7205958758634, 1, '31/12/2020'),
(1600190643, 8761115262087, 1, '31/12/2020'),
(1600190644, 9091371487611, 1, '31/12/2020'),
(1600190645, 1438166118918, 1, '31/12/2020'),
(1600190646, 8956575771257, 1, '31/12/2020'),
(1600190647, 2713043639969, 1, '31/12/2020'),
(1600190648, 6546274552887, 1, '31/12/2020'),
(1600190649, 8926496652577, 1, '31/12/2020'),
(1600190650, 9910866041530, 1, '31/12/2020'),
(1600190651, 4127713532429, 1, '31/12/2020'),
(1600190652, 6343593960930, 1, '31/12/2020'),
(1600190653, 9699103995453, 1, '31/12/2020'),
(1600190654, 7085068682885, 1, '31/12/2020'),
(1600190655, 6789902820620, 1, '31/12/2020'),
(1600190656, 5001565168181, 1, '31/12/2020'),
(1600190657, 4804458870224, 1, '31/12/2020'),
(1600190658, 3025325306142, 1, '31/12/2020'),
(1600190659, 2062600105086, 1, '31/12/2020'),
(1600190660, 1327456399577, 1, '31/12/2020'),
(1600190661, 6686478803887, 1, '31/12/2020'),
(1600190662, 3140919421436, 1, '31/12/2020'),
(1600190663, 9983909358780, 1, '31/12/2020'),
(1600190664, 4746338726388, 1, '31/12/2020'),
(1600190665, 2841547297128, 1, '31/12/2020'),
(1600190666, 3862204537461, 1, '31/12/2020'),
(1600190667, 1496267775916, 1, '31/12/2020'),
(1600190668, 2664986259387, 1, '31/12/2020'),
(1600190669, 4636252580899, 1, '31/12/2020'),
(1600190670, 8128833463510, 1, '31/12/2020'),
(1600190671, 8611708675568, 1, '31/12/2020'),
(1600190672, 5200134543429, 1, '31/12/2020'),
(1600190673, 6315913294932, 1, '31/12/2020'),
(1600190674, 4810675381443, 1, '31/12/2020'),
(1600190675, 2965758761236, 1, '31/12/2020'),
(1600190676, 2587609175663, 1, '31/12/2020'),
(1600190677, 3844675586200, 1, '31/12/2020'),
(1600190678, 6619521795816, 1, '31/12/2020'),
(1600190679, 9838717519856, 1, '31/12/2020'),
(1600190680, 1718792429804, 1, '31/12/2020'),
(1600190681, 6102218640671, 1, '31/12/2020'),
(1600190682, 4024555537499, 1, '31/12/2020'),
(1600190683, 4907813229035, 1, '31/12/2020'),
(1600190684, 8502265987895, 1, '31/12/2020'),
(1600190685, 8643967124196, 1, '31/12/2020'),
(1600190686, 6771129560985, 1, '31/12/2020'),
(1600190687, 1402453140186, 1, '31/12/2020'),
(1600190688, 6395791491059, 1, '31/12/2020'),
(1600190689, 7570797798152, 1, '31/12/2020'),
(1600190690, 4831935625671, 1, '31/12/2020'),
(1600190691, 3868345658678, 1, '31/12/2020'),
(1600190692, 6558774194192, 1, '31/12/2020'),
(1600190693, 1754237983035, 1, '31/12/2020'),
(1600190694, 5885313160075, 1, '31/12/2020'),
(1600190695, 5363370822541, 1, '31/12/2020'),
(1600190696, 3499757228993, 1, '31/12/2020'),
(1600190697, 3522367589311, 1, '31/12/2020'),
(1600190698, 5681499366996, 1, '31/12/2020'),
(1600190699, 3603288807124, 1, '31/12/2020'),
(1600190700, 2932819818198, 1, '31/12/2020'),
(1600190701, 2529979827099, 1, '31/12/2020'),
(1600190702, 4620734613792, 1, '31/12/2020'),
(1600190703, 4616248178956, 1, '31/12/2020'),
(1600190704, 2607567181219, 1, '31/12/2020'),
(1600190705, 7609664452380, 1, '31/12/2020'),
(1600190706, 5185417236498, 1, '31/12/2020'),
(1600190707, 9235513233995, 1, '31/12/2020'),
(1600190708, 7822419615568, 1, '31/12/2020'),
(1600190709, 3040875675102, 1, '31/12/2020'),
(1600190710, 2232057263408, 1, '31/12/2020'),
(1600190711, 7499757224297, 1, '31/12/2020'),
(1600190712, 3094205918324, 1, '31/12/2020'),
(1600190713, 1740882275773, 1, '31/12/2020'),
(1600190714, 7342142793312, 1, '31/12/2020'),
(1600190715, 6116602414645, 1, '31/12/2020'),
(1600190716, 7435772163006, 1, '31/12/2020'),
(1600190717, 8504484765931, 1, '31/12/2020'),
(1600190718, 8825768798643, 1, '31/12/2020'),
(1600190719, 8455829585369, 1, '31/12/2020'),
(1600190720, 2696723707443, 1, '31/12/2020'),
(1600190721, 4065571221459, 1, '31/12/2020'),
(1600190722, 3079275141067, 1, '31/12/2020'),
(1600190723, 1920037367033, 1, '31/12/2020'),
(1600190724, 1282307134732, 1, '31/12/2020'),
(1600190725, 5991403360204, 1, '31/12/2020'),
(1600190726, 3618225734742, 1, '31/12/2020'),
(1600190727, 7529327697042, 1, '31/12/2020'),
(1600190728, 4159343132161, 1, '31/12/2020'),
(1600190729, 9808665086678, 1, '31/12/2020'),
(1600190730, 9137657811795, 1, '31/12/2020'),
(1600190731, 6432745818302, 1, '31/12/2020'),
(1600190732, 3665711337988, 1, '31/12/2020'),
(1600190733, 6649130051907, 1, '31/12/2020'),
(1600190734, 1673044594271, 1, '31/12/2020'),
(1600190735, 5604811904192, 1, '31/12/2020'),
(1600190736, 1985842016743, 1, '31/12/2020'),
(1600190737, 8500158272759, 1, '31/12/2020'),
(1600190738, 2412389044976, 1, '31/12/2020'),
(1600190739, 5571915861422, 1, '31/12/2020'),
(1600190740, 7832647636801, 1, '31/12/2020'),
(1600190741, 1338303311586, 1, '31/12/2020'),
(1600190742, 7895815759685, 1, '31/12/2020'),
(1600190743, 9581287773007, 1, '31/12/2020'),
(1600190744, 7086363145040, 1, '31/12/2020'),
(1600190745, 3958222193418, 1, '31/12/2020'),
(1600190746, 9224922868249, 1, '31/12/2020'),
(1600190747, 3635619336402, 1, '31/12/2020'),
(1600190748, 9174765713890, 1, '31/12/2020'),
(1600190749, 4013698230181, 1, '31/12/2020'),
(1600190750, 8817714806250, 1, '31/12/2020'),
(1600190751, 8325112159165, 1, '31/12/2020'),
(1600190752, 8706244895789, 1, '31/12/2020'),
(1600190753, 7110093466383, 1, '31/12/2020'),
(1600190754, 9113349869643, 1, '31/12/2020'),
(1600190755, 8435343230374, 1, '31/12/2020'),
(1600190756, 1099209191153, 1, '31/12/2020'),
(1600190757, 2765580106351, 1, '31/12/2020'),
(1600190758, 1777193837613, 1, '31/12/2020'),
(1600190759, 9965124891380, 1, '31/12/2020'),
(1600190760, 7874712198360, 1, '31/12/2020'),
(1600190761, 8834911093731, 1, '31/12/2020'),
(1600190762, 2879198928856, 1, '31/12/2020'),
(1600190763, 4550866307987, 1, '31/12/2020'),
(1600190764, 8039911021402, 1, '31/12/2020'),
(1600190765, 8422939156983, 1, '31/12/2020'),
(1600190766, 6252712769522, 1, '31/12/2020'),
(1600190767, 4336032962865, 1, '31/12/2020'),
(1600190768, 1410252556383, 1, '31/12/2020'),
(1600190769, 7505425647394, 1, '31/12/2020'),
(1600190770, 8491051867066, 1, '31/12/2020'),
(1600190771, 2893647279152, 1, '31/12/2020'),
(1600190772, 9183037014972, 1, '31/12/2020'),
(1600190773, 8482275401166, 1, '31/12/2020'),
(1600190774, 2105946139846, 1, '31/12/2020'),
(1600190775, 3096194649708, 1, '31/12/2020'),
(1600190776, 6816211130647, 1, '31/12/2020'),
(1600190777, 1301870416014, 1, '31/12/2020'),
(1600190778, 9377618717679, 1, '31/12/2020'),
(1600190779, 4019999665548, 1, '31/12/2020'),
(1600190780, 2649981297599, 1, '31/12/2020'),
(1600190781, 6587609139663, 1, '31/12/2020'),
(1600190782, 9214620528996, 1, '31/12/2020'),
(1600190783, 7259741985972, 1, '31/12/2020'),
(1600190784, 3111819895043, 1, '31/12/2020'),
(1600190785, 6652008055428, 1, '31/12/2020'),
(1600190786, 1271770168302, 1, '31/12/2020'),
(1600190787, 1009728656715, 1, '31/12/2020'),
(1600190788, 8501286492924, 1, '31/12/2020'),
(1600190789, 4176530100301, 1, '31/12/2020'),
(1600190790, 8644065250631, 1, '31/12/2020'),
(1600190791, 9817892634408, 1, '31/12/2020'),
(1600190792, 9433314270511, 1, '31/12/2020'),
(1600190793, 1116602474640, 1, '31/12/2020'),
(1600190794, 7113556077151, 1, '31/12/2020'),
(1600190795, 6475366234210, 1, '31/12/2020'),
(1600190796, 3653842129272, 1, '31/12/2020'),
(1600190797, 8347971612831, 1, '31/12/2020'),
(1600190798, 3259966967936, 1, '31/12/2020'),
(1600190799, 1965124898812, 1, '31/12/2020'),
(1600190800, 3015186175135, 1, '31/12/2020'),
(1600190801, 3711377387233, 1, '31/12/2020'),
(1600190802, 3274890684997, 1, '31/12/2020'),
(1600190803, 5861977460895, 1, '31/12/2020'),
(1600190804, 4506184913109, 1, '31/12/2020'),
(1600190805, 2993440394538, 1, '31/12/2020'),
(1600190806, 8818004529415, 1, '31/12/2020'),
(1600190807, 8475549487514, 1, '31/12/2020'),
(1600190808, 3627227146134, 1, '31/12/2020'),
(1600190809, 7333686762790, 1, '31/12/2020'),
(1600190810, 7685996583192, 1, '31/12/2020'),
(1600190811, 7625579582242, 1, '31/12/2020'),
(1600190812, 4749629369580, 1, '31/12/2020'),
(1600190813, 3455454089630, 1, '31/12/2020'),
(1600190814, 3588779106756, 1, '31/12/2020'),
(1600190815, 1932078448960, 1, '31/12/2020'),
(1600190816, 8751849443925, 1, '31/12/2020'),
(1600190817, 8648609614428, 1, '31/12/2020'),
(1600190818, 2695533650262, 1, '31/12/2020'),
(1600190819, 3219437385167, 1, '31/12/2020'),
(1600190820, 3826493943189, 1, '31/12/2020'),
(1600190821, 8392237132808, 1, '31/12/2020'),
(1600190822, 8089881981770, 1, '31/12/2020'),
(1600190823, 9235658655398, 1, '31/12/2020'),
(1600190824, 8687041360195, 1, '31/12/2020'),
(1600190825, 7629395551951, 1, '31/12/2020'),
(1600190826, 4814629643448, 1, '31/12/2020'),
(1600190827, 1831736260744, 1, '31/12/2020'),
(1600190828, 3293069968889, 1, '31/12/2020'),
(1600190829, 3817662306393, 1, '31/12/2020'),
(1600190830, 9084760252709, 1, '31/12/2020'),
(1600190831, 3099744966203, 1, '31/12/2020'),
(1600190832, 7860477666508, 1, '31/12/2020'),
(1600190833, 4695588813068, 1, '31/12/2020'),
(1600190834, 1116721782550, 1, '31/12/2020'),
(1600190835, 3051742369426, 1, '31/12/2020'),
(1600190836, 9451488119431, 1, '31/12/2020'),
(1600190837, 3487884660590, 1, '31/12/2020'),
(1600190838, 6370102744062, 1, '31/12/2020'),
(1600190839, 6122231973645, 1, '31/12/2020'),
(1600190840, 7002293527876, 1, '31/12/2020'),
(1600190841, 8397659348014, 1, '31/12/2020'),
(1600190842, 5226829316640, 1, '31/12/2020'),
(1600190843, 6362772945753, 1, '31/12/2020'),
(1600190844, 3998979063238, 1, '31/12/2020'),
(1600190845, 5822419520126, 1, '31/12/2020'),
(1600190846, 3837754406967, 1, '31/12/2020'),
(1600190847, 3618146384253, 1, '31/12/2020'),
(1600190848, 6420238146982, 1, '31/12/2020'),
(1600190849, 3912363714509, 1, '31/12/2020'),
(1600190850, 1103881799747, 1, '31/12/2020'),
(1600190851, 6549929829454, 1, '31/12/2020'),
(1600190852, 1295144941672, 1, '31/12/2020'),
(1600190853, 8024750656071, 1, '31/12/2020'),
(1600190854, 1576140711619, 1, '31/12/2020'),
(1600190855, 7500715807781, 1, '31/12/2020'),
(1600190856, 4902884329307, 1, '31/12/2020'),
(1600190857, 4704875207508, 1, '31/12/2020'),
(1600190858, 7461407227361, 1, '31/12/2020'),
(1600190859, 8996328243697, 1, '31/12/2020'),
(1600190860, 5236369454914, 1, '31/12/2020'),
(1600190861, 3649473907297, 1, '31/12/2020'),
(1600190862, 3965124929989, 1, '31/12/2020'),
(1600190863, 9110078789734, 1, '31/12/2020'),
(1600190864, 2406239878659, 1, '31/12/2020'),
(1600190865, 6313089266530, 1, '31/12/2020'),
(1600190866, 7683632087445, 1, '31/12/2020'),
(1600190867, 5397068816115, 1, '31/12/2020'),
(1600190868, 7703084606469, 1, '31/12/2020'),
(1600190869, 8036904133735, 1, '31/12/2020'),
(1600190870, 6633870758001, 1, '31/12/2020'),
(1600190871, 8900048424788, 1, '31/12/2020'),
(1600190872, 6381546470679, 1, '31/12/2020'),
(1600190873, 6802604280685, 1, '31/12/2020'),
(1600190874, 8045472038805, 1, '31/12/2020'),
(1600190875, 2744583280667, 1, '31/12/2020'),
(1600190876, 4035221408647, 1, '31/12/2020'),
(1600190877, 5805696118147, 1, '31/12/2020'),
(1600190878, 6012184776048, 1, '31/12/2020'),
(1600190879, 5881878351464, 1, '31/12/2020'),
(1600190880, 5352055529922, 1, '31/12/2020'),
(1600190881, 2643245822371, 1, '31/12/2020'),
(1600190882, 4160034589209, 1, '31/12/2020'),
(1600190883, 2943978417095, 1, '31/12/2020'),
(1600190884, 3179321451104, 1, '31/12/2020'),
(1600190885, 3612898128836, 1, '31/12/2020'),
(1600190886, 8832801113324, 1, '31/12/2020'),
(1600190887, 8841082993504, 1, '31/12/2020'),
(1600190888, 7841547367665, 1, '31/12/2020'),
(1600190889, 3430797334141, 1, '31/12/2020'),
(1600190890, 9878870333660, 1, '31/12/2020'),
(1600190891, 4476339971094, 1, '31/12/2020'),
(1600190892, 3618796608664, 1, '31/12/2020'),
(1600190893, 3862465818272, 1, '31/12/2020'),
(1600190894, 7083450611853, 1, '31/12/2020'),
(1600190895, 4572760574241, 1, '31/12/2020'),
(1600190896, 8125647068605, 1, '31/12/2020'),
(1600190897, 3979646995181, 1, '31/12/2020'),
(1600190898, 9943315135925, 1, '31/12/2020'),
(1600190899, 6592544242749, 1, '31/12/2020'),
(1600190900, 1600314892879, 1, '31/12/2020'),
(1600190901, 5232788305932, 1, '31/12/2020'),
(1600190902, 5122873025761, 1, '31/12/2020'),
(1600190903, 2248658070676, 1, '31/12/2020'),
(1600190904, 8043311264899, 1, '31/12/2020'),
(1600190905, 3984355930513, 1, '31/12/2020'),
(1600190906, 1579982726329, 1, '31/12/2020'),
(1600190907, 5859275282085, 1, '31/12/2020'),
(1600190908, 2681499386091, 1, '31/12/2020'),
(1600190909, 4220267397768, 1, '31/12/2020'),
(1600190910, 8259742004540, 1, '31/12/2020'),
(1600190911, 1746912595749, 1, '31/12/2020'),
(1600190912, 3181046311422, 1, '31/12/2020'),
(1600190913, 3920409454918, 1, '31/12/2020'),
(1600190914, 7506209025137, 1, '31/12/2020'),
(1600190915, 4618225751832, 1, '31/12/2020'),
(1600190916, 5759831752708, 1, '31/12/2020'),
(1600190917, 5391217799133, 1, '31/12/2020'),
(1600190918, 9983987718636, 1, '31/12/2020'),
(1600190919, 5802604331076, 1, '31/12/2020'),
(1600190920, 2746203377396, 1, '31/12/2020'),
(1600190921, 8972967055292, 1, '31/12/2020'),
(1600190922, 6832801123650, 1, '31/12/2020'),
(1600190923, 7550866341833, 1, '31/12/2020'),
(1600190924, 9674302337408, 1, '31/12/2020'),
(1600190925, 5661904932286, 1, '31/12/2020'),
(1600190926, 5003163003375, 1, '31/12/2020'),
(1600190927, 3563581809041, 1, '31/12/2020'),
(1600190928, 6046909775480, 1, '31/12/2020'),
(1600190929, 8110493300713, 1, '31/12/2020'),
(1600190930, 3174765704411, 1, '31/12/2020'),
(1600190931, 3278670769723, 1, '31/12/2020'),
(1600190932, 4441441028955, 1, '31/12/2020'),
(1600190933, 1305625218295, 1, '31/12/2020'),
(1600190934, 7864051528251, 1, '31/12/2020'),
(1600190935, 3703503188416, 1, '31/12/2020'),
(1600190936, 9368112673677, 1, '31/12/2020'),
(1600190937, 2081341896815, 1, '31/12/2020'),
(1600190938, 3504484863883, 1, '31/12/2020'),
(1600190939, 6465761816147, 1, '31/12/2020'),
(1600190940, 4980603112531, 1, '31/12/2020'),
(1600190941, 6994760589439, 1, '31/12/2020'),
(1600190942, 3988637567321, 1, '31/12/2020'),
(1600190943, 4102732899204, 1, '31/12/2020'),
(1600190944, 2985695478454, 1, '31/12/2020'),
(1600190945, 2759261817451, 1, '31/12/2020'),
(1600190946, 6844529632438, 1, '31/12/2020'),
(1600190947, 9526505167792, 1, '31/12/2020'),
(1600190948, 8133545058258, 1, '31/12/2020'),
(1600190949, 3038539757700, 1, '31/12/2020'),
(1600190950, 7433049270184, 1, '31/12/2020'),
(1600190951, 8703931234412, 1, '31/12/2020'),
(1600190952, 3699450486325, 1, '31/12/2020'),
(1600190953, 6615007233704, 1, '31/12/2020'),
(1600190954, 7370889945543, 1, '31/12/2020'),
(1600190955, 1257420451737, 1, '31/12/2020'),
(1600190956, 3240112044686, 1, '31/12/2020'),
(1600190957, 6681150893206, 1, '31/12/2020'),
(1600190958, 2162765030644, 1, '31/12/2020'),
(1600190959, 3278049998088, 1, '31/12/2020'),
(1600190960, 6301462995009, 1, '31/12/2020'),
(1600190961, 6909203660955, 1, '31/12/2020'),
(1600190962, 4682651199340, 1, '31/12/2020'),
(1600190963, 7564888028582, 1, '31/12/2020'),
(1600190964, 6913548115730, 1, '31/12/2020'),
(1600190965, 5287949894363, 1, '31/12/2020'),
(1600190966, 2940837647824, 1, '31/12/2020'),
(1600190967, 5686600959017, 1, '31/12/2020'),
(1600190968, 9432777480359, 1, '31/12/2020'),
(1600190969, 1063407127631, 1, '31/12/2020'),
(1600190970, 1187797569424, 1, '31/12/2020'),
(1600190971, 8034938396429, 1, '31/12/2020'),
(1600190972, 2871956622877, 1, '31/12/2020'),
(1600190973, 5093201850779, 1, '31/12/2020'),
(1600190974, 2818636754352, 1, '31/12/2020'),
(1600190975, 3712327809152, 1, '31/12/2020'),
(1600190976, 8008942276509, 1, '31/12/2020'),
(1600190977, 8935192611331, 1, '31/12/2020'),
(1600190978, 5979904492653, 1, '31/12/2020'),
(1600190979, 3594144565205, 1, '31/12/2020'),
(1600190980, 2094044135673, 1, '31/12/2020'),
(1600190981, 6328053505458, 1, '31/12/2020'),
(1600190982, 8739737806544, 1, '31/12/2020'),
(1600190983, 5200424749794, 1, '31/12/2020'),
(1600190984, 4790228124815, 1, '31/12/2020'),
(1600190985, 1385315437131, 1, '31/12/2020'),
(1600190986, 4393836420599, 1, '31/12/2020'),
(1600190987, 4157045573615, 1, '31/12/2020'),
(1600190988, 3988474175771, 1, '31/12/2020'),
(1600190989, 1843914791450, 1, '31/12/2020'),
(1600190990, 9156927420147, 1, '31/12/2020'),
(1600190991, 3907813197826, 1, '31/12/2020'),
(1600190992, 6812394398956, 1, '31/12/2020'),
(1600190993, 6754783968287, 1, '31/12/2020'),
(1600190994, 3726781915910, 1, '31/12/2020'),
(1600190995, 1452997206556, 1, '31/12/2020'),
(1600190996, 3986462313091, 1, '31/12/2020'),
(1600190997, 8699103997967, 1, '31/12/2020'),
(1600190998, 1031298847564, 1, '31/12/2020'),
(1600190999, 9862823081897, 1, '31/12/2020'),
(1600191000, 8377528442608, 1, '31/12/2020'),
(1600191001, 6169447175799, 1, '31/12/2020'),
(1600191002, 8928084796007, 1, '31/12/2020'),
(1600191003, 9449198013404, 1, '31/12/2020'),
(1600191004, 3259966612687, 1, '31/12/2020'),
(1600191005, 2175440584598, 1, '31/12/2020'),
(1600191006, 3312674328039, 1, '31/12/2020'),
(1600191007, 2242861411110, 1, '31/12/2020'),
(1600191008, 8248658042100, 1, '31/12/2020'),
(1600191009, 8389936577566, 1, '31/12/2020'),
(1600191010, 7992605356604, 1, '31/12/2020'),
(1600191011, 1144924559995, 1, '31/12/2020'),
(1600191012, 3753181642622, 1, '31/12/2020'),
(1600191013, 9804458894147, 1, '31/12/2020'),
(1600191014, 8581908370179, 1, '31/12/2020'),
(1600191015, 3089395462279, 1, '31/12/2020'),
(1600191016, 1261671921194, 1, '31/12/2020'),
(1600191017, 7604754650240, 1, '31/12/2020'),
(1600191018, 1262657723248, 1, '31/12/2020'),
(1600191019, 6155107850237, 1, '31/12/2020'),
(1600191020, 9012184762304, 1, '31/12/2020'),
(1600191021, 3102210158134, 1, '31/12/2020'),
(1600191022, 1305914128520, 1, '31/12/2020'),
(1600191023, 9849095663226, 1, '31/12/2020'),
(1600191024, 3865949317138, 1, '31/12/2020'),
(1600191025, 7547440708988, 1, '31/12/2020'),
(1600191026, 2217546722028, 1, '31/12/2020'),
(1600191027, 8878831899968, 1, '31/12/2020'),
(1600191028, 3264853514315, 1, '31/12/2020'),
(1600191029, 2747403969314, 1, '31/12/2020'),
(1600191030, 5989495656556, 1, '31/12/2020'),
(1600191031, 6755842028334, 1, '31/12/2020'),
(1600191032, 7865949399158, 1, '31/12/2020'),
(1600191033, 8724599756981, 1, '31/12/2020'),
(1600191034, 6562101599730, 1, '31/12/2020'),
(1600191035, 2981909385231, 1, '31/12/2020'),
(1600191036, 8133944441885, 1, '31/12/2020'),
(1600191037, 6522646900386, 1, '31/12/2020'),
(1600191038, 5775317910170, 1, '31/12/2020'),
(1600191039, 7023972510577, 1, '31/12/2020'),
(1600191040, 6416479523341, 1, '31/12/2020'),
(1600191041, 9670744431427, 1, '31/12/2020'),
(1600191042, 8079477123088, 1, '31/12/2020'),
(1600191043, 8651578599645, 1, '31/12/2020'),
(1600191044, 9675270554552, 1, '31/12/2020'),
(1600191045, 2186794739860, 1, '31/12/2020'),
(1600191046, 2878631830953, 1, '31/12/2020'),
(1600191047, 2581291974151, 1, '31/12/2020'),
(1600191048, 2690830981682, 1, '31/12/2020'),
(1600191049, 7160039349029, 1, '31/12/2020'),
(1600191050, 1285263919102, 1, '31/12/2020'),
(1600191051, 9100362847899, 1, '31/12/2020'),
(1600191052, 3463691190223, 1, '31/12/2020'),
(1600191053, 6294647991760, 1, '31/12/2020'),
(1600191054, 5565050272962, 1, '31/12/2020'),
(1600191055, 4097576912386, 1, '31/12/2020'),
(1600191056, 4611322254224, 1, '31/12/2020'),
(1600191057, 6816109415308, 1, '31/12/2020'),
(1600191058, 7692197303082, 1, '31/12/2020'),
(1600191059, 6785558814044, 1, '31/12/2020'),
(1600191060, 2636207472994, 1, '31/12/2020'),
(1600191061, 5002223402618, 1, '31/12/2020'),
(1600191062, 8415354746936, 1, '31/12/2020'),
(1600191063, 1008942296260, 1, '31/12/2020'),
(1600191064, 4635227565816, 1, '31/12/2020'),
(1600191065, 2065571244332, 1, '31/12/2020'),
(1600191066, 1669318502795, 1, '31/12/2020'),
(1600191067, 9896884248818, 1, '31/12/2020'),
(1600191068, 4879198856693, 1, '31/12/2020'),
(1600191069, 6025194299337, 1, '31/12/2020'),
(1600191070, 1584864224954, 1, '31/12/2020'),
(1600191071, 9823111235916, 1, '31/12/2020'),
(1600191072, 7359200768967, 1, '31/12/2020'),
(1600191073, 2976561969216, 1, '31/12/2020'),
(1600191074, 7705711560169, 1, '31/12/2020'),
(1600191075, 7235068185917, 1, '31/12/2020'),
(1600191076, 8196165136187, 1, '31/12/2020'),
(1600191077, 7454080780964, 1, '31/12/2020'),
(1600191078, 5310874333817, 1, '31/12/2020'),
(1600191079, 9268196818792, 1, '31/12/2020'),
(1600191080, 6873995439812, 1, '31/12/2020'),
(1600191081, 2347486539491, 1, '31/12/2020'),
(1600191082, 6655391195589, 1, '31/12/2020'),
(1600191083, 7737070739241, 1, '31/12/2020'),
(1600191084, 6843030266648, 1, '31/12/2020'),
(1600191085, 2041826365584, 1, '31/12/2020'),
(1600191086, 2103280062286, 1, '31/12/2020'),
(1600191087, 6921271596184, 1, '31/12/2020'),
(1600191088, 4639850645601, 1, '31/12/2020'),
(1600191089, 4847227538480, 1, '31/12/2020'),
(1600191090, 7467302918016, 1, '31/12/2020'),
(1600191091, 7518349865890, 1, '31/12/2020'),
(1600191092, 2559145097027, 1, '31/12/2020'),
(1600191093, 1487154179974, 1, '31/12/2020'),
(1600191094, 1229891755860, 1, '31/12/2020'),
(1600191095, 4962874116545, 1, '31/12/2020'),
(1600191096, 6583349222433, 1, '31/12/2020'),
(1600191097, 9107902222059, 1, '31/12/2020'),
(1600191098, 3549011565048, 1, '31/12/2020'),
(1600191099, 9079477087211, 1, '31/12/2020'),
(1600191100, 2035107491444, 1, '31/12/2020'),
(1600191101, 3662698523567, 1, '31/12/2020'),
(1600191102, 8533999031506, 1, '31/12/2020'),
(1600191103, 6432165699037, 1, '31/12/2020'),
(1600191104, 9234821116806, 1, '31/12/2020'),
(1600191105, 5657352050677, 1, '31/12/2020'),
(1600191106, 7705054783203, 1, '31/12/2020'),
(1600191107, 7152117196652, 1, '31/12/2020'),
(1600191108, 8748347929311, 1, '31/12/2020'),
(1600191109, 9695588862509, 1, '31/12/2020'),
(1600191110, 5940626303684, 1, '31/12/2020'),
(1600191111, 2848073116269, 1, '31/12/2020'),
(1600191112, 5711524597412, 1, '31/12/2020'),
(1600191113, 8409643781330, 1, '31/12/2020'),
(1600191114, 5007360370520, 1, '31/12/2020'),
(1600191115, 5164222335927, 1, '31/12/2020'),
(1600191116, 7082090325234, 1, '31/12/2020'),
(1600191117, 5318344649179, 1, '31/12/2020'),
(1600191118, 2845394315981, 1, '31/12/2020'),
(1600191119, 2559352668686, 1, '31/12/2020'),
(1600191120, 4697454088738, 1, '31/12/2020'),
(1600191121, 4559009200452, 1, '31/12/2020'),
(1600191122, 1155212709070, 1, '31/12/2020'),
(1600191123, 7671806414034, 1, '31/12/2020'),
(1600191124, 2109999735921, 1, '31/12/2020'),
(1600191125, 2761231915500, 1, '31/12/2020'),
(1600191126, 1561575568011, 1, '31/12/2020'),
(1600191127, 2431856760342, 1, '31/12/2020'),
(1600191128, 2540494938335, 1, '31/12/2020'),
(1600191129, 1562374549846, 1, '31/12/2020'),
(1600191130, 2814023480004, 1, '31/12/2020'),
(1600191131, 2009728737134, 1, '31/12/2020'),
(1600191132, 3209010360207, 1, '31/12/2020'),
(1600191133, 8839426748638, 1, '31/12/2020'),
(1600191134, 2693405678350, 1, '31/12/2020'),
(1600191135, 9335323038675, 1, '31/12/2020'),
(1600191136, 6962226241311, 1, '31/12/2020'),
(1600191137, 4131008612498, 1, '31/12/2020'),
(1600191138, 1920876036207, 1, '31/12/2020'),
(1600191139, 6394607193088, 1, '31/12/2020'),
(1600191140, 4025832128476, 1, '31/12/2020'),
(1600191141, 9144707309263, 1, '31/12/2020'),
(1600191142, 1278164358466, 1, '31/12/2020'),
(1600191143, 7787420429828, 1, '31/12/2020'),
(1600191144, 9984130504165, 1, '31/12/2020'),
(1600191145, 4928121664522, 1, '31/12/2020'),
(1600191146, 1457228478084, 1, '31/12/2020'),
(1600191147, 6135939680733, 1, '31/12/2020'),
(1600191148, 3432745850320, 1, '31/12/2020'),
(1600191149, 1173125218345, 1, '31/12/2020'),
(1600191150, 6485683907245, 1, '31/12/2020'),
(1600191151, 3594523746073, 1, '31/12/2020'),
(1600191152, 7695811419273, 1, '31/12/2020'),
(1600191153, 2878779275581, 1, '31/12/2020'),
(1600191154, 8687695505763, 1, '31/12/2020'),
(1600191155, 8327419648292, 1, '31/12/2020'),
(1600191156, 9910866102053, 1, '31/12/2020'),
(1600191157, 7103881817222, 1, '31/12/2020'),
(1600191158, 5610573026582, 1, '31/12/2020'),
(1600191159, 6493361892988, 1, '31/12/2020'),
(1600191160, 9565050316073, 1, '31/12/2020'),
(1600191161, 2385315431929, 1, '31/12/2020'),
(1600191162, 7430131780640, 1, '31/12/2020'),
(1600191163, 1635647910635, 1, '31/12/2020'),
(1600191164, 1486480984837, 1, '31/12/2020'),
(1600191165, 6473527465956, 1, '31/12/2020'),
(1600191166, 7113556103474, 1, '31/12/2020'),
(1600191167, 8275747468257, 1, '31/12/2020'),
(1600191168, 5838391225220, 1, '31/12/2020'),
(1600191169, 4455205023215, 1, '31/12/2020'),
(1600191170, 9973101823886, 1, '31/12/2020'),
(1600191171, 4662242185965, 1, '31/12/2020'),
(1600191172, 2205554212913, 1, '31/12/2020'),
(1600191173, 8029915424303, 1, '31/12/2020'),
(1600191174, 5972354030218, 1, '31/12/2020'),
(1600191175, 1841838931446, 1, '31/12/2020'),
(1600191176, 9060300297930, 1, '31/12/2020'),
(1600191177, 1948015452899, 1, '31/12/2020'),
(1600191178, 7422976012584, 1, '31/12/2020'),
(1600191179, 8024289286149, 1, '31/12/2020'),
(1600191180, 2359840604068, 1, '31/12/2020'),
(1600191181, 6391328424914, 1, '31/12/2020'),
(1600191182, 5759913375586, 1, '31/12/2020'),
(1600191183, 6426449215584, 1, '31/12/2020'),
(1600191184, 9756824887233, 1, '31/12/2020'),
(1600191185, 1626226736956, 1, '31/12/2020'),
(1600191186, 5285263952274, 1, '31/12/2020'),
(1600191187, 1868246388184, 1, '31/12/2020'),
(1600191188, 1518453861359, 1, '31/12/2020'),
(1600191189, 7271690527801, 1, '31/12/2020'),
(1600191190, 9163015928267, 1, '31/12/2020'),
(1600191191, 9153089056882, 1, '31/12/2020'),
(1600191192, 4815727927027, 1, '31/12/2020'),
(1600191193, 3533999031455, 1, '31/12/2020'),
(1600191194, 5494275357367, 1, '31/12/2020'),
(1600191195, 4581406346111, 1, '31/12/2020'),
(1600191196, 7753868128672, 1, '31/12/2020'),
(1600191197, 6707040029152, 1, '31/12/2020'),
(1600191198, 3515043655463, 1, '31/12/2020'),
(1600191199, 1724206279326, 1, '31/12/2020'),
(1600191200, 7237650082586, 1, '31/12/2020'),
(1600191201, 3664571173074, 1, '31/12/2020'),
(1600191202, 3967137871974, 1, '31/12/2020'),
(1600191203, 5027735596694, 1, '31/12/2020'),
(1600191204, 5913834749182, 1, '31/12/2020'),
(1600191205, 3782525868174, 1, '31/12/2020'),
(1600191206, 5902334219921, 1, '31/12/2020'),
(1600191207, 2854580516963, 1, '31/12/2020'),
(1600191208, 4995842060127, 1, '31/12/2020'),
(1600191209, 8352377946270, 1, '31/12/2020'),
(1600191210, 5014637521521, 1, '31/12/2020'),
(1600191211, 4415354778096, 1, '31/12/2020'),
(1600191212, 9648131956028, 1, '31/12/2020'),
(1600191213, 6217546714927, 1, '31/12/2020'),
(1600191214, 7817822817938, 1, '31/12/2020'),
(1600191215, 4821045238214, 1, '31/12/2020'),
(1600191216, 2257529934895, 1, '31/12/2020'),
(1600191217, 8089244538745, 1, '31/12/2020'),
(1600191218, 7912744882670, 1, '31/12/2020'),
(1600191219, 3373438313466, 1, '31/12/2020'),
(1600191220, 8008882503896, 1, '31/12/2020'),
(1600191221, 6079551892405, 1, '31/12/2020'),
(1600191222, 2801260871981, 1, '31/12/2020'),
(1600191223, 2142342964079, 1, '31/12/2020'),
(1600191224, 6370868821741, 1, '31/12/2020'),
(1600191225, 3865412270574, 1, '31/12/2020'),
(1600191226, 8152950456298, 1, '31/12/2020'),
(1600191227, 3121537342853, 1, '31/12/2020'),
(1600191228, 8761231870936, 1, '31/12/2020'),
(1600191229, 3420400480405, 1, '31/12/2020'),
(1600191230, 9659197035398, 1, '31/12/2020'),
(1600191231, 1365106541639, 1, '31/12/2020'),
(1600191232, 4933651295366, 1, '31/12/2020'),
(1600191233, 3347103283264, 1, '31/12/2020'),
(1600191234, 8291730721427, 1, '31/12/2020'),
(1600191235, 4930928277919, 1, '31/12/2020'),
(1600191236, 9877503349627, 1, '31/12/2020'),
(1600191237, 7175366382777, 1, '31/12/2020'),
(1600191238, 1261671946289, 1, '31/12/2020'),
(1600191239, 9929112282037, 1, '31/12/2020'),
(1600191240, 4434226173478, 1, '31/12/2020'),
(1600191241, 1628776553702, 1, '31/12/2020'),
(1600191242, 6286589737144, 1, '31/12/2020'),
(1600191243, 2892536101020, 1, '31/12/2020'),
(1600191244, 2853508858263, 1, '31/12/2020'),
(1600191245, 1932817872150, 1, '31/12/2020'),
(1600191246, 9956699493298, 1, '31/12/2020'),
(1600191247, 3576044642251, 1, '31/12/2020'),
(1600191248, 1433049334207, 1, '31/12/2020'),
(1600191249, 9439394732847, 1, '31/12/2020'),
(1600191250, 6061612379628, 1, '31/12/2020'),
(1600191251, 4121936778611, 1, '31/12/2020'),
(1600191252, 5554644310352, 1, '31/12/2020'),
(1600191253, 3091056467456, 1, '31/12/2020'),
(1600191254, 2886045811067, 1, '31/12/2020'),
(1600191255, 2028631087573, 1, '31/12/2020'),
(1600191256, 9319414896568, 1, '31/12/2020'),
(1600191257, 9538134813405, 1, '31/12/2020'),
(1600191258, 3271211297305, 1, '31/12/2020'),
(1600191259, 7325734835095, 1, '31/12/2020'),
(1600191260, 7316183633217, 1, '31/12/2020'),
(1600191261, 3142582209825, 1, '31/12/2020'),
(1600191262, 7559078345578, 1, '31/12/2020'),
(1600191263, 4390073573942, 1, '31/12/2020'),
(1600191264, 9436277372437, 1, '31/12/2020'),
(1600191265, 8407069471505, 1, '31/12/2020'),
(1600191266, 6995163065883, 1, '31/12/2020'),
(1600191267, 3438284675805, 1, '31/12/2020'),
(1600191268, 9546004575037, 1, '31/12/2020'),
(1600191269, 8099641477579, 1, '31/12/2020'),
(1600191270, 7419259198769, 1, '31/12/2020'),
(1600191271, 1157045654817, 1, '31/12/2020'),
(1600191272, 5800188763087, 1, '31/12/2020'),
(1600191273, 7709815343078, 1, '31/12/2020'),
(1600191274, 8697631764688, 1, '31/12/2020'),
(1600191275, 3928384752795, 1, '31/12/2020'),
(1600191276, 1506631563889, 1, '31/12/2020'),
(1600191277, 1037216618469, 1, '31/12/2020'),
(1600191278, 4180086028924, 1, '31/12/2020'),
(1600191279, 9192652722396, 1, '31/12/2020'),
(1600191280, 3073975896875, 1, '31/12/2020'),
(1600191281, 5620783305093, 1, '31/12/2020'),
(1600191282, 5181053736584, 1, '31/12/2020'),
(1600191283, 1222055279032, 1, '31/12/2020'),
(1600191284, 3582226514220, 1, '31/12/2020'),
(1600191285, 2567951616060, 1, '31/12/2020'),
(1600191286, 4415274091506, 1, '31/12/2020'),
(1600191287, 2874542863164, 1, '31/12/2020'),
(1600191288, 5885313228234, 1, '31/12/2020'),
(1600191289, 9159689540133, 1, '31/12/2020'),
(1600191290, 5744933184549, 1, '31/12/2020'),
(1600191291, 2420400503367, 1, '31/12/2020'),
(1600191292, 2850819615961, 1, '31/12/2020'),
(1600191293, 1241990962184, 1, '31/12/2020'),
(1600191294, 9739714939812, 1, '31/12/2020'),
(1600191295, 1774056050053, 1, '31/12/2020'),
(1600191296, 1583074272631, 1, '31/12/2020'),
(1600191297, 9494275299373, 1, '31/12/2020'),
(1600191298, 6646224231893, 1, '31/12/2020'),
(1600191299, 7007360353247, 1, '31/12/2020'),
(1600191300, 4600044263171, 1, '31/12/2020'),
(1600191301, 6664571232742, 1, '31/12/2020'),
(1600191302, 5070285816751, 1, '31/12/2020'),
(1600191303, 1123141012938, 1, '31/12/2020'),
(1600191304, 4213579441201, 1, '31/12/2020'),
(1600191305, 3403064274668, 1, '31/12/2020'),
(1600191306, 8687785541555, 1, '31/12/2020'),
(1600191307, 2641441224105, 1, '31/12/2020'),
(1600191308, 3026783622435, 1, '31/12/2020'),
(1600191309, 2299493121025, 1, '31/12/2020'),
(1600191310, 5854714269208, 1, '31/12/2020'),
(1600191311, 9889814823315, 1, '31/12/2020'),
(1600191312, 9816211160898, 1, '31/12/2020'),
(1600191313, 7312222522295, 1, '31/12/2020'),
(1600191314, 1278523006739, 1, '31/12/2020'),
(1600191315, 3152117259796, 1, '31/12/2020'),
(1600191316, 9872645636191, 1, '31/12/2020'),
(1600191317, 5337690701490, 1, '31/12/2020'),
(1600191318, 3204948034145, 1, '31/12/2020'),
(1600191319, 6827191464785, 1, '31/12/2020'),
(1600191320, 4101623010874, 1, '31/12/2020'),
(1600191321, 4837259039298, 1, '31/12/2020'),
(1600191322, 1770567975799, 1, '31/12/2020'),
(1600191323, 4430299577540, 1, '31/12/2020'),
(1600191324, 3837789414200, 1, '31/12/2020'),
(1600191325, 7357081973080, 1, '31/12/2020'),
(1600191326, 6187024416248, 1, '31/12/2020'),
(1600191327, 2684822153994, 1, '31/12/2020'),
(1600191328, 1301463007484, 1, '31/12/2020'),
(1600191329, 7374605093968, 1, '31/12/2020'),
(1600191330, 5039004327312, 1, '31/12/2020'),
(1600191331, 8431856814134, 1, '31/12/2020'),
(1600191332, 8820841361186, 1, '31/12/2020'),
(1600191333, 4694083976809, 1, '31/12/2020'),
(1600191334, 5417390798386, 1, '31/12/2020'),
(1600191335, 3502382077579, 1, '31/12/2020'),
(1600191336, 1413986662250, 1, '31/12/2020'),
(1600191337, 4454080822689, 1, '31/12/2020'),
(1600191338, 1836861849128, 1, '31/12/2020'),
(1600191339, 2456967244619, 1, '31/12/2020'),
(1600191340, 5323087827731, 1, '31/12/2020'),
(1600191341, 7456749962028, 1, '31/12/2020'),
(1600191342, 5492592432048, 1, '31/12/2020'),
(1600191343, 8183643990478, 1, '31/12/2020'),
(1600191344, 3796922403556, 1, '31/12/2020'),
(1600191345, 1137871105588, 1, '31/12/2020'),
(1600191346, 9219570483740, 1, '31/12/2020'),
(1600191347, 2739618880243, 1, '31/12/2020'),
(1600191348, 6980416848175, 1, '31/12/2020'),
(1600191349, 4497662719161, 1, '31/12/2020'),
(1600191350, 1472019760710, 1, '31/12/2020'),
(1600191351, 8104710987724, 1, '31/12/2020'),
(1600191352, 5805148528148, 1, '31/12/2020'),
(1600191353, 8240189095048, 1, '31/12/2020'),
(1600191354, 6185799740320, 1, '31/12/2020'),
(1600191355, 4689307700267, 1, '31/12/2020'),
(1600191356, 6497970146890, 1, '31/12/2020'),
(1600191357, 5220543543849, 1, '31/12/2020'),
(1600191358, 2940940425195, 1, '31/12/2020'),
(1600191359, 6082498032658, 1, '31/12/2020'),
(1600191360, 5325938548555, 1, '31/12/2020'),
(1600191361, 2830476090216, 1, '31/12/2020'),
(1600191362, 3632428067254, 1, '31/12/2020'),
(1600191363, 4086251432244, 1, '31/12/2020'),
(1600191364, 2608473897927, 1, '31/12/2020'),
(1600191365, 6774169266841, 1, '31/12/2020'),
(1600191366, 2942229296907, 1, '31/12/2020'),
(1600191367, 9179669690074, 1, '31/12/2020'),
(1600191368, 3411920149981, 1, '31/12/2020'),
(1600191369, 5953396779989, 1, '31/12/2020'),
(1600191370, 2023825000864, 1, '31/12/2020'),
(1600191371, 5116721831123, 1, '31/12/2020'),
(1600191372, 1442723819044, 1, '31/12/2020'),
(1600191373, 4536356680487, 1, '31/12/2020');
INSERT INTO `recharge` (`nserie`, `code`, `vlr`, `dateExp`) VALUES
(1600191374, 6406577189226, 1, '31/12/2020'),
(1600191375, 8200201524593, 1, '31/12/2020'),
(1600191376, 6309927687170, 1, '31/12/2020'),
(1600191377, 2261346586002, 1, '31/12/2020'),
(1600191378, 6092063135454, 1, '31/12/2020'),
(1600191379, 3416898896606, 1, '31/12/2020'),
(1600191380, 9155180329920, 1, '31/12/2020'),
(1600191381, 3981694112133, 1, '31/12/2020'),
(1600191382, 1749629360128, 1, '31/12/2020'),
(1600191383, 6373669338620, 1, '31/12/2020'),
(1600191384, 3722582233866, 1, '31/12/2020'),
(1600191385, 2996328290100, 1, '31/12/2020'),
(1600191386, 9622014557141, 1, '31/12/2020'),
(1600191387, 1286448760401, 1, '31/12/2020'),
(1600191388, 1837258993888, 1, '31/12/2020'),
(1600191389, 7658897502388, 1, '31/12/2020'),
(1600191390, 8163270709951, 1, '31/12/2020'),
(1600191391, 9871410961912, 1, '31/12/2020'),
(1600191392, 7320893005937, 1, '31/12/2020'),
(1600191393, 2484265846457, 1, '31/12/2020'),
(1600191394, 5614542682722, 1, '31/12/2020'),
(1600191395, 9625225960228, 1, '31/12/2020'),
(1600191396, 5012184757619, 1, '31/12/2020'),
(1600191397, 5143307257675, 1, '31/12/2020'),
(1600191398, 7543811700515, 1, '31/12/2020'),
(1600191399, 1290796820600, 1, '31/12/2020'),
(1600191400, 2207669445754, 1, '31/12/2020'),
(1600191401, 5596217412711, 1, '31/12/2020'),
(1600191402, 6687202485545, 1, '31/12/2020'),
(1600191403, 8865949323608, 1, '31/12/2020'),
(1600191404, 3011426519053, 1, '31/12/2020'),
(1600191405, 6461407262800, 1, '31/12/2020'),
(1600191406, 9064449405647, 1, '31/12/2020'),
(1600191407, 6467302876536, 1, '31/12/2020'),
(1600191408, 5874691222626, 1, '31/12/2020'),
(1600191409, 2122463014417, 1, '31/12/2020'),
(1600191410, 2740265139622, 1, '31/12/2020'),
(1600191411, 5705389883530, 1, '31/12/2020'),
(1600191412, 7713043549805, 1, '31/12/2020'),
(1600191413, 1310756292518, 1, '31/12/2020'),
(1600191414, 7576891355978, 1, '31/12/2020'),
(1600191415, 3989495689364, 1, '31/12/2020'),
(1600191416, 2600068887994, 1, '31/12/2020'),
(1600191417, 6451488145128, 1, '31/12/2020'),
(1600191418, 8204459700198, 1, '31/12/2020'),
(1600191419, 6581247120721, 1, '31/12/2020'),
(1600191420, 9705206538963, 1, '31/12/2020'),
(1600191421, 8985695463911, 1, '31/12/2020'),
(1600191422, 2164464078046, 1, '31/12/2020'),
(1600191423, 1328473485138, 1, '31/12/2020'),
(1600191424, 8498623503342, 1, '31/12/2020'),
(1600191425, 9615007201722, 1, '31/12/2020'),
(1600191426, 6622509096757, 1, '31/12/2020'),
(1600191427, 5618947977835, 1, '31/12/2020'),
(1600191428, 6656650500924, 1, '31/12/2020'),
(1600191429, 9437420067723, 1, '31/12/2020'),
(1600191430, 4050002781415, 1, '31/12/2020'),
(1600191431, 2637858537277, 1, '31/12/2020'),
(1600191432, 2830726824454, 1, '31/12/2020'),
(1600191433, 4674323060630, 1, '31/12/2020'),
(1600191434, 4541109848571, 1, '31/12/2020'),
(1600191435, 9566920304277, 1, '31/12/2020'),
(1600191436, 1024134247437, 1, '31/12/2020'),
(1600191437, 3825504170661, 1, '31/12/2020'),
(1600191438, 6629027372345, 1, '31/12/2020'),
(1600191439, 5693420933017, 1, '31/12/2020'),
(1600191440, 2942229298997, 1, '31/12/2020'),
(1600191441, 7328053549270, 1, '31/12/2020'),
(1600191442, 4466085758582, 1, '31/12/2020'),
(1600191443, 2270026381348, 1, '31/12/2020'),
(1600191444, 7410118400064, 1, '31/12/2020'),
(1600191445, 7323182958596, 1, '31/12/2020'),
(1600191446, 8633785574829, 1, '31/12/2020'),
(1600191447, 2780029498574, 1, '31/12/2020'),
(1600191448, 5326458162439, 1, '31/12/2020'),
(1600191449, 2680795592892, 1, '31/12/2020'),
(1600191450, 4664070610448, 1, '31/12/2020'),
(1600191451, 3993156849615, 1, '31/12/2020'),
(1600191452, 6181348849899, 1, '31/12/2020'),
(1600191453, 9716127080732, 1, '31/12/2020'),
(1600191454, 4756817124650, 1, '31/12/2020'),
(1600191455, 3152950415760, 1, '31/12/2020'),
(1600191456, 6372089153090, 1, '31/12/2020'),
(1600191457, 3901532492872, 1, '31/12/2020'),
(1600191458, 7860865382923, 1, '31/12/2020'),
(1600191459, 9669024253136, 1, '31/12/2020'),
(1600191460, 4160681482478, 1, '31/12/2020'),
(1600191461, 7039526204150, 1, '31/12/2020'),
(1600191462, 6175889213066, 1, '31/12/2020'),
(1600191463, 7214050421724, 1, '31/12/2020'),
(1600191464, 5460664534360, 1, '31/12/2020'),
(1600191465, 9446197361214, 1, '31/12/2020'),
(1600191466, 8450559963017, 1, '31/12/2020'),
(1600191467, 9203374433640, 1, '31/12/2020'),
(1600191468, 5580464916199, 1, '31/12/2020'),
(1600191469, 8430429747475, 1, '31/12/2020'),
(1600191470, 7126953083600, 1, '31/12/2020'),
(1600191471, 6792101187107, 1, '31/12/2020'),
(1600191472, 7872240296003, 1, '31/12/2020'),
(1600191473, 6012921159625, 1, '31/12/2020'),
(1600191474, 7042141117321, 1, '31/12/2020'),
(1600191475, 5838967080431, 1, '31/12/2020'),
(1600191476, 3644474576861, 1, '31/12/2020'),
(1600191477, 4626699279723, 1, '31/12/2020'),
(1600191478, 8131383775351, 1, '31/12/2020'),
(1600191479, 1650523760474, 1, '31/12/2020'),
(1600191480, 3702877705039, 1, '31/12/2020'),
(1600191481, 7650731167921, 1, '31/12/2020'),
(1600191482, 8022595658552, 1, '31/12/2020'),
(1600191483, 7421271263841, 1, '31/12/2020'),
(1600191484, 4716127054171, 1, '31/12/2020'),
(1600191485, 5259729729707, 1, '31/12/2020'),
(1600191486, 9801371357546, 1, '31/12/2020'),
(1600191487, 4201607950015, 1, '31/12/2020'),
(1600191488, 9762683840363, 1, '31/12/2020'),
(1600191489, 7981168313678, 1, '31/12/2020'),
(1600191490, 1495310852491, 1, '31/12/2020'),
(1600191491, 5705206494990, 1, '31/12/2020'),
(1600191492, 5276598886028, 1, '31/12/2020'),
(1600191493, 2983987773458, 1, '31/12/2020'),
(1600191494, 8253895213965, 1, '31/12/2020'),
(1600191495, 4563581832277, 1, '31/12/2020'),
(1600191496, 6264631201696, 1, '31/12/2020'),
(1600191497, 7441264928676, 1, '31/12/2020'),
(1600191498, 9817729918726, 1, '31/12/2020'),
(1600191499, 9156312036816, 1, '31/12/2020'),
(1600191500, 5019999707534, 1, '31/12/2020'),
(1600191501, 5717417482331, 1, '31/12/2020'),
(1600191502, 4732628139058, 1, '31/12/2020'),
(1600191503, 5553287226914, 1, '31/12/2020'),
(1600191504, 3080144049979, 1, '31/12/2020'),
(1600191505, 9866968141137, 1, '31/12/2020'),
(1600191506, 6655643884201, 1, '31/12/2020'),
(1600191507, 1721874342631, 1, '31/12/2020'),
(1600191508, 4465673560945, 1, '31/12/2020'),
(1600191509, 6436378879468, 1, '31/12/2020'),
(1600191510, 3920940509549, 1, '31/12/2020'),
(1600191511, 5543787462367, 1, '31/12/2020'),
(1600191512, 2699968634447, 1, '31/12/2020'),
(1600191513, 2320503654987, 1, '31/12/2020'),
(1600191514, 8110078799285, 1, '31/12/2020'),
(1600191515, 8935153525290, 1, '31/12/2020'),
(1600191516, 4446710749885, 1, '31/12/2020'),
(1600191517, 2200201538578, 1, '31/12/2020'),
(1600191518, 3988799008384, 1, '31/12/2020'),
(1600191519, 4461203295817, 1, '31/12/2020'),
(1600191520, 2414770591430, 1, '31/12/2020'),
(1600191521, 3150499174317, 1, '31/12/2020'),
(1600191522, 1063480824560, 1, '31/12/2020'),
(1600191523, 2038412597094, 1, '31/12/2020'),
(1600191524, 7016926821500, 1, '31/12/2020'),
(1600191525, 4322412333098, 1, '31/12/2020'),
(1600191526, 1720643412226, 1, '31/12/2020'),
(1600191527, 9347576628327, 1, '31/12/2020'),
(1600191528, 9473518617598, 1, '31/12/2020'),
(1600191529, 8448667080997, 1, '31/12/2020'),
(1600191530, 1831531070260, 1, '31/12/2020'),
(1600191531, 8673610197604, 1, '31/12/2020'),
(1600191532, 1574695580290, 1, '31/12/2020'),
(1600191533, 4625161920087, 1, '31/12/2020'),
(1600191534, 2198508975182, 1, '31/12/2020'),
(1600191535, 5229891764174, 1, '31/12/2020'),
(1600191536, 3793512828633, 1, '31/12/2020'),
(1600191537, 2097644154637, 1, '31/12/2020'),
(1600191538, 2925384851948, 1, '31/12/2020'),
(1600191539, 6026783634275, 1, '31/12/2020'),
(1600191540, 4682838488314, 1, '31/12/2020'),
(1600191541, 5288588638918, 1, '31/12/2020'),
(1600191542, 4392666479829, 1, '31/12/2020'),
(1600191543, 7565989096596, 1, '31/12/2020'),
(1600191544, 8703715528806, 1, '31/12/2020'),
(1600191545, 6630383491310, 1, '31/12/2020'),
(1600191546, 1642244329072, 1, '31/12/2020'),
(1600191547, 2084342492203, 1, '31/12/2020'),
(1600191548, 4892747714231, 1, '31/12/2020'),
(1600191549, 1078654869691, 1, '31/12/2020'),
(1600191550, 6039526252295, 1, '31/12/2020'),
(1600191551, 9426132343150, 1, '31/12/2020'),
(1600191552, 9142822127212, 1, '31/12/2020'),
(1600191553, 3944235520494, 1, '31/12/2020'),
(1600191554, 9613106185772, 1, '31/12/2020'),
(1600191555, 1082498008443, 1, '31/12/2020'),
(1600191556, 9281641803911, 1, '31/12/2020'),
(1600191557, 7257640585868, 1, '31/12/2020'),
(1600191558, 4861977520516, 1, '31/12/2020'),
(1600191559, 2970230038693, 1, '31/12/2020'),
(1600191560, 6438605594498, 1, '31/12/2020'),
(1600191561, 7609522307858, 1, '31/12/2020'),
(1600191562, 5997133892479, 1, '31/12/2020'),
(1600191563, 4347103301277, 1, '31/12/2020'),
(1600191564, 2268474649254, 1, '31/12/2020'),
(1600191565, 1829058082363, 1, '31/12/2020'),
(1600191566, 4492750595651, 1, '31/12/2020'),
(1600191567, 1238770469141, 1, '31/12/2020'),
(1600191568, 8677777128569, 1, '31/12/2020'),
(1600191569, 7201297561060, 1, '31/12/2020'),
(1600191570, 2009399253486, 1, '31/12/2020'),
(1600191571, 5448376358820, 1, '31/12/2020'),
(1600191572, 2879296272683, 1, '31/12/2020'),
(1600191573, 2982955245728, 1, '31/12/2020'),
(1600191574, 6708155283604, 1, '31/12/2020'),
(1600191575, 4894945580739, 1, '31/12/2020'),
(1600191576, 9697758716432, 1, '31/12/2020'),
(1600191577, 4779575441919, 1, '31/12/2020'),
(1600191578, 7717417494436, 1, '31/12/2020'),
(1600191579, 9300524841219, 1, '31/12/2020'),
(1600191580, 9234141367480, 1, '31/12/2020'),
(1600191581, 3274890658526, 1, '31/12/2020'),
(1600191582, 4350404258624, 1, '31/12/2020'),
(1600191583, 7646533170426, 1, '31/12/2020'),
(1600191584, 3640988554587, 1, '31/12/2020'),
(1600191585, 2970684663753, 1, '31/12/2020'),
(1600191586, 4037987428645, 1, '31/12/2020'),
(1600191587, 2965863241307, 1, '31/12/2020'),
(1600191588, 1761306954621, 1, '31/12/2020'),
(1600191589, 1965660481941, 1, '31/12/2020'),
(1600191590, 4268216550373, 1, '31/12/2020'),
(1600191591, 5420895244640, 1, '31/12/2020'),
(1600191592, 6567836906662, 1, '31/12/2020'),
(1600191593, 1460618359192, 1, '31/12/2020'),
(1600191594, 4327990577015, 1, '31/12/2020'),
(1600191595, 8174765671661, 1, '31/12/2020'),
(1600191596, 8252427560064, 1, '31/12/2020'),
(1600191597, 5145658283192, 1, '31/12/2020'),
(1600191598, 3880801237893, 1, '31/12/2020'),
(1600191599, 1363590700916, 1, '31/12/2020'),
(1600191600, 7083450664337, 1, '31/12/2020'),
(1600191601, 8877367746417, 1, '31/12/2020'),
(1600191602, 2536356661931, 1, '31/12/2020'),
(1600191603, 7820799723408, 1, '31/12/2020'),
(1600191604, 2654440837743, 1, '31/12/2020'),
(1600191605, 8070201852723, 1, '31/12/2020'),
(1600191606, 7225948992233, 1, '31/12/2020'),
(1600191607, 1634788115811, 1, '31/12/2020'),
(1600191608, 6579982763401, 1, '31/12/2020'),
(1600191609, 9646505096500, 1, '31/12/2020'),
(1600191610, 6038539749629, 1, '31/12/2020'),
(1600191611, 7394607261175, 1, '31/12/2020'),
(1600191612, 4023380621474, 1, '31/12/2020'),
(1600191613, 9531247033236, 1, '31/12/2020'),
(1600191614, 1951684664037, 1, '31/12/2020'),
(1600191615, 3058448137806, 1, '31/12/2020'),
(1600191616, 1460664450289, 1, '31/12/2020'),
(1600191617, 6430728209657, 1, '31/12/2020'),
(1600191618, 7626699274370, 1, '31/12/2020'),
(1600191619, 2459754655476, 1, '31/12/2020'),
(1600191620, 3506607896545, 1, '31/12/2020'),
(1600191621, 5588422117551, 1, '31/12/2020'),
(1600191622, 5980754250286, 1, '31/12/2020'),
(1600191623, 5870939480605, 1, '31/12/2020'),
(1600191624, 1284857811704, 1, '31/12/2020'),
(1600191625, 1849924458842, 1, '31/12/2020'),
(1600191626, 1597056092659, 1, '31/12/2020'),
(1600191627, 7779929432693, 1, '31/12/2020'),
(1600191628, 2808250727841, 1, '31/12/2020'),
(1600191629, 7317937023860, 1, '31/12/2020'),
(1600191630, 5851658491013, 1, '31/12/2020'),
(1600191631, 6351087573819, 1, '31/12/2020'),
(1600191632, 7861458484476, 1, '31/12/2020'),
(1600191633, 7199572868656, 1, '31/12/2020'),
(1600191634, 9763939935568, 1, '31/12/2020'),
(1600191635, 5084342506388, 1, '31/12/2020'),
(1600191636, 2271863199796, 1, '31/12/2020'),
(1600191637, 7451215549085, 1, '31/12/2020'),
(1600191638, 1609438973875, 1, '31/12/2020'),
(1600191639, 6369022325517, 1, '31/12/2020'),
(1600191640, 3409119714505, 1, '31/12/2020'),
(1600191641, 8267371334370, 1, '31/12/2020'),
(1600191642, 1215792552792, 1, '31/12/2020'),
(1600191643, 7441526290994, 1, '31/12/2020'),
(1600191644, 3883691935691, 1, '31/12/2020'),
(1600191645, 9912744946951, 1, '31/12/2020'),
(1600191646, 9967756769193, 1, '31/12/2020'),
(1600191647, 6921642431065, 1, '31/12/2020'),
(1600191648, 2465765580563, 1, '31/12/2020'),
(1600191649, 2372089137279, 1, '31/12/2020'),
(1600191650, 2465172873042, 1, '31/12/2020'),
(1600191651, 7874542896759, 1, '31/12/2020'),
(1600191652, 9278386349051, 1, '31/12/2020'),
(1600191653, 8498040951691, 1, '31/12/2020'),
(1600191654, 4164464084293, 1, '31/12/2020'),
(1600191655, 5671145180363, 1, '31/12/2020'),
(1600191656, 1996166117775, 1, '31/12/2020'),
(1600191657, 1965863150433, 1, '31/12/2020'),
(1600191658, 8545410934100, 1, '31/12/2020'),
(1600191659, 2395054491438, 1, '31/12/2020'),
(1600191660, 1706631697313, 1, '31/12/2020'),
(1600191661, 4761231941140, 1, '31/12/2020'),
(1600191662, 2322206896066, 1, '31/12/2020'),
(1600191663, 1595222396701, 1, '31/12/2020'),
(1600191664, 2265951967253, 1, '31/12/2020'),
(1600191665, 9291895457746, 1, '31/12/2020'),
(1600191666, 7428538869145, 1, '31/12/2020'),
(1600191667, 2226373108733, 1, '31/12/2020'),
(1600191668, 1411169191212, 1, '31/12/2020'),
(1600191669, 7821761857528, 1, '31/12/2020'),
(1600191670, 4307853636659, 1, '31/12/2020'),
(1600191671, 7354535459525, 1, '31/12/2020'),
(1600191672, 3840369894790, 1, '31/12/2020'),
(1600191673, 5122273887597, 1, '31/12/2020'),
(1600191674, 1332929396323, 1, '31/12/2020'),
(1600191675, 3036293891692, 1, '31/12/2020'),
(1600191676, 7066751591354, 1, '31/12/2020'),
(1600191677, 4772351870804, 1, '31/12/2020'),
(1600191678, 6340904994624, 1, '31/12/2020'),
(1600191679, 7269836286064, 1, '31/12/2020'),
(1600191680, 9162765008194, 1, '31/12/2020'),
(1600191681, 3347971593567, 1, '31/12/2020'),
(1600191682, 4876216484671, 1, '31/12/2020'),
(1600191683, 1141433374049, 1, '31/12/2020'),
(1600191684, 9252712818302, 1, '31/12/2020'),
(1600191685, 5726643809816, 1, '31/12/2020'),
(1600191686, 6478262453327, 1, '31/12/2020'),
(1600191687, 6436444398720, 1, '31/12/2020'),
(1600191688, 5872459541889, 1, '31/12/2020'),
(1600191689, 2896994697345, 1, '31/12/2020'),
(1600191690, 5121936776795, 1, '31/12/2020'),
(1600191691, 6884299182929, 1, '31/12/2020'),
(1600191692, 7473677537115, 1, '31/12/2020'),
(1600191693, 2651849224119, 1, '31/12/2020'),
(1600191694, 8026071209899, 1, '31/12/2020'),
(1600191695, 6309927740629, 1, '31/12/2020'),
(1600191696, 8204203386440, 1, '31/12/2020'),
(1600191697, 5117514153418, 1, '31/12/2020'),
(1600191698, 9037783504959, 1, '31/12/2020'),
(1600191699, 8256163906701, 1, '31/12/2020'),
(1600191700, 4945057780027, 1, '31/12/2020'),
(1600191701, 4270263178923, 1, '31/12/2020'),
(1600191702, 2528171980600, 1, '31/12/2020'),
(1600191703, 9977296986317, 1, '31/12/2020'),
(1600191704, 3505425618598, 1, '31/12/2020'),
(1600191705, 9160681440965, 1, '31/12/2020'),
(1600191706, 5829267560924, 1, '31/12/2020'),
(1600191707, 4282419212904, 1, '31/12/2020'),
(1600191708, 5035360628477, 1, '31/12/2020'),
(1600191709, 3265347857840, 1, '31/12/2020'),
(1600191710, 1531096012818, 1, '31/12/2020'),
(1600191711, 7728197058166, 1, '31/12/2020'),
(1600191712, 9939376768053, 1, '31/12/2020'),
(1600191713, 3411386612110, 1, '31/12/2020'),
(1600191714, 7936314250125, 1, '31/12/2020'),
(1600191715, 5972848705798, 1, '31/12/2020'),
(1600191716, 5950550422046, 1, '31/12/2020'),
(1600191717, 9919314268066, 1, '31/12/2020'),
(1600191718, 3371274538826, 1, '31/12/2020'),
(1600191719, 6783511657549, 1, '31/12/2020'),
(1600191720, 4508818916909, 1, '31/12/2020'),
(1600191721, 3839463442314, 1, '31/12/2020'),
(1600191722, 4345662946931, 1, '31/12/2020'),
(1600191723, 6522367574332, 1, '31/12/2020'),
(1600191724, 2160835677621, 1, '31/12/2020'),
(1600191725, 3174484122074, 1, '31/12/2020'),
(1600191726, 9370868837752, 1, '31/12/2020'),
(1600191727, 5199309107833, 1, '31/12/2020'),
(1600191728, 7544308164233, 1, '31/12/2020'),
(1600191729, 6509814233120, 1, '31/12/2020'),
(1600191730, 8904447365300, 1, '31/12/2020'),
(1600191731, 6070973918781, 1, '31/12/2020'),
(1600191732, 5973495049584, 1, '31/12/2020'),
(1600191733, 3274591417360, 1, '31/12/2020'),
(1600191734, 7350046883865, 1, '31/12/2020'),
(1600191735, 7194928693798, 1, '31/12/2020'),
(1600191736, 7951808865763, 1, '31/12/2020'),
(1600191737, 2174806945720, 1, '31/12/2020'),
(1600191738, 4767013978937, 1, '31/12/2020'),
(1600191739, 7913163028693, 1, '31/12/2020'),
(1600191740, 5235513284294, 1, '31/12/2020'),
(1600191741, 8063480833865, 1, '31/12/2020'),
(1600191742, 9642142062503, 1, '31/12/2020'),
(1600191743, 8918614493908, 1, '31/12/2020'),
(1600191744, 7864183818911, 1, '31/12/2020'),
(1600191745, 9583552001320, 1, '31/12/2020'),
(1600191746, 2731691606075, 1, '31/12/2020'),
(1600191747, 2796294114414, 1, '31/12/2020'),
(1600191748, 7110652914770, 1, '31/12/2020'),
(1600191749, 5690234176060, 1, '31/12/2020'),
(1600191750, 8737199376173, 1, '31/12/2020'),
(1600191751, 7872739107954, 1, '31/12/2020'),
(1600191752, 7991403303759, 1, '31/12/2020'),
(1600191753, 2071567255590, 1, '31/12/2020'),
(1600191754, 1588390818852, 1, '31/12/2020'),
(1600191755, 8259108987818, 1, '31/12/2020'),
(1600191756, 5256838426978, 1, '31/12/2020'),
(1600191757, 8936902050102, 1, '31/12/2020'),
(1600191758, 8064635785493, 1, '31/12/2020'),
(1600191759, 1229163359730, 1, '31/12/2020'),
(1600191760, 8086038981488, 1, '31/12/2020'),
(1600191761, 9576438343953, 1, '31/12/2020'),
(1600191762, 1363590689702, 1, '31/12/2020'),
(1600191763, 3414770606269, 1, '31/12/2020'),
(1600191764, 2965725754855, 1, '31/12/2020'),
(1600191765, 2268149090763, 1, '31/12/2020'),
(1600191766, 7305914165774, 1, '31/12/2020'),
(1600191767, 1363370876549, 1, '31/12/2020'),
(1600191768, 8406577202092, 1, '31/12/2020'),
(1600191769, 5463691222603, 1, '31/12/2020'),
(1600191770, 7922900938856, 1, '31/12/2020'),
(1600191771, 2466843330961, 1, '31/12/2020'),
(1600191772, 2152430730964, 1, '31/12/2020'),
(1600191773, 4872240310213, 1, '31/12/2020'),
(1600191774, 7191591167284, 1, '31/12/2020'),
(1600191775, 1131008622841, 1, '31/12/2020'),
(1600191776, 1799779542704, 1, '31/12/2020'),
(1600191777, 2160159726384, 1, '31/12/2020'),
(1600191778, 1146269223768, 1, '31/12/2020'),
(1600191779, 2449566829205, 1, '31/12/2020'),
(1600191780, 6073586237781, 1, '31/12/2020'),
(1600191781, 2556172858377, 1, '31/12/2020'),
(1600191782, 6606264705391, 1, '31/12/2020'),
(1600191783, 8538750178699, 1, '31/12/2020'),
(1600191784, 9456532639136, 1, '31/12/2020'),
(1600191785, 8629027407094, 1, '31/12/2020'),
(1600191786, 1342142831808, 1, '31/12/2020'),
(1600191787, 7706578491728, 1, '31/12/2020'),
(1600191788, 1141307461012, 1, '31/12/2020'),
(1600191789, 6073975887117, 1, '31/12/2020'),
(1600191790, 3761176231610, 1, '31/12/2020'),
(1600191791, 8933651321796, 1, '31/12/2020'),
(1600191792, 6096155026285, 1, '31/12/2020'),
(1600191793, 6145785677618, 1, '31/12/2020'),
(1600191794, 7183405656601, 1, '31/12/2020'),
(1600191795, 6996328291483, 1, '31/12/2020'),
(1600191796, 3667645197369, 1, '31/12/2020'),
(1600191797, 1584864257016, 1, '31/12/2020'),
(1600191798, 3678923777016, 1, '31/12/2020'),
(1600191799, 7394663185021, 1, '31/12/2020'),
(1600191800, 6354221516829, 1, '31/12/2020'),
(1600191801, 1938101222727, 1, '31/12/2020'),
(1600191802, 1607377957435, 1, '31/12/2020'),
(1600191803, 4228120901385, 1, '31/12/2020'),
(1600191804, 7703931310368, 1, '31/12/2020'),
(1600191805, 2665677262723, 1, '31/12/2020'),
(1600191806, 2902439421266, 1, '31/12/2020'),
(1600191807, 1516084841637, 1, '31/12/2020'),
(1600191808, 4939383799026, 1, '31/12/2020'),
(1600191809, 4093619714410, 1, '31/12/2020'),
(1600191810, 6491416426056, 1, '31/12/2020'),
(1600191811, 5552666526573, 1, '31/12/2020'),
(1600191812, 2150302437044, 1, '31/12/2020'),
(1600191813, 8078654877261, 1, '31/12/2020'),
(1600191814, 6332713765288, 1, '31/12/2020'),
(1600191815, 4706312484455, 1, '31/12/2020'),
(1600191816, 2321093742037, 1, '31/12/2020'),
(1600191817, 4706578464590, 1, '31/12/2020'),
(1600191818, 4761754083882, 1, '31/12/2020'),
(1600191819, 2850447084609, 1, '31/12/2020'),
(1600191820, 8468391428718, 1, '31/12/2020'),
(1600191821, 5985695430813, 1, '31/12/2020'),
(1600191822, 3927407307081, 1, '31/12/2020'),
(1600191823, 9608473870090, 1, '31/12/2020'),
(1600191824, 6520555138136, 1, '31/12/2020'),
(1600191825, 9771129590170, 1, '31/12/2020'),
(1600191826, 6637099217498, 1, '31/12/2020'),
(1600191827, 9236368494082, 1, '31/12/2020'),
(1600191828, 5909063108233, 1, '31/12/2020'),
(1600191829, 2633754887757, 1, '31/12/2020'),
(1600191830, 3354535370558, 1, '31/12/2020'),
(1600191831, 5484265829587, 1, '31/12/2020'),
(1600191832, 4595806816777, 1, '31/12/2020'),
(1600191833, 4900048377851, 1, '31/12/2020'),
(1600191834, 9320893025577, 1, '31/12/2020'),
(1600191835, 9071641625510, 1, '31/12/2020'),
(1600191836, 2511825313023, 1, '31/12/2020'),
(1600191837, 9532402121417, 1, '31/12/2020'),
(1600191838, 2587609144514, 1, '31/12/2020'),
(1600191839, 9789576115585, 1, '31/12/2020'),
(1600191840, 3244822465431, 1, '31/12/2020'),
(1600191841, 1976562040600, 1, '31/12/2020'),
(1600191842, 5942615013754, 1, '31/12/2020'),
(1600191843, 7823414007736, 1, '31/12/2020'),
(1600191844, 3257152939075, 1, '31/12/2020'),
(1600191845, 1328576763164, 1, '31/12/2020'),
(1600191846, 1050002749291, 1, '31/12/2020'),
(1600191847, 2864051508467, 1, '31/12/2020'),
(1600191848, 5335758920163, 1, '31/12/2020'),
(1600191849, 5896833174255, 1, '31/12/2020'),
(1600191850, 2235610608648, 1, '31/12/2020'),
(1600191851, 4892995020439, 1, '31/12/2020'),
(1600191852, 1726588273988, 1, '31/12/2020'),
(1600191853, 6077036566231, 1, '31/12/2020'),
(1600191854, 5434065765760, 1, '31/12/2020'),
(1600191855, 7735572357569, 1, '31/12/2020'),
(1600191856, 8086060912131, 1, '31/12/2020'),
(1600191857, 9329008542419, 1, '31/12/2020'),
(1600191858, 3613106239165, 1, '31/12/2020'),
(1600191859, 7885313171684, 1, '31/12/2020'),
(1600191860, 9802594586756, 1, '31/12/2020'),
(1600191861, 1680260581938, 1, '31/12/2020'),
(1600191862, 6424817219503, 1, '31/12/2020'),
(1600191863, 3200224438143, 1, '31/12/2020'),
(1600191864, 4721149801252, 1, '31/12/2020'),
(1600191865, 7989495713357, 1, '31/12/2020'),
(1600191866, 4798381607862, 1, '31/12/2020'),
(1600191867, 3519103621568, 1, '31/12/2020'),
(1600191868, 9987937873365, 1, '31/12/2020'),
(1600191869, 1115763006848, 1, '31/12/2020'),
(1600191870, 6991494609384, 1, '31/12/2020'),
(1600191871, 7139071912845, 1, '31/12/2020'),
(1600191872, 8790445501574, 1, '31/12/2020'),
(1600191873, 5271211319169, 1, '31/12/2020'),
(1600191874, 8449057405364, 1, '31/12/2020'),
(1600191875, 6446390231530, 1, '31/12/2020'),
(1600191876, 8402561901734, 1, '31/12/2020'),
(1600191877, 5538623893784, 1, '31/12/2020'),
(1600191878, 3390858098259, 1, '31/12/2020'),
(1600191879, 8293855924826, 1, '31/12/2020'),
(1600191880, 2360857547169, 1, '31/12/2020'),
(1600191881, 8754237943916, 1, '31/12/2020'),
(1600191882, 6549869332047, 1, '31/12/2020'),
(1600191883, 7301870434322, 1, '31/12/2020'),
(1600191884, 7700874883690, 1, '31/12/2020'),
(1600191885, 7306076336853, 1, '31/12/2020'),
(1600191886, 5994760577757, 1, '31/12/2020'),
(1600191887, 5354535416929, 1, '31/12/2020'),
(1600191888, 7500825262940, 1, '31/12/2020'),
(1600191889, 6825889637776, 1, '31/12/2020'),
(1600191890, 5436212969661, 1, '31/12/2020'),
(1600191891, 9543387104059, 1, '31/12/2020'),
(1600191892, 2481464554002, 1, '31/12/2020'),
(1600191893, 4581645471499, 1, '31/12/2020'),
(1600191894, 1949004513633, 1, '31/12/2020'),
(1600191895, 2120053977887, 1, '31/12/2020'),
(1600191896, 6405914412914, 1, '31/12/2020'),
(1600191897, 9559022710080, 1, '31/12/2020'),
(1600191898, 4680099595808, 1, '31/12/2020'),
(1600191899, 1880029664703, 1, '31/12/2020'),
(1600191900, 8821609534545, 1, '31/12/2020'),
(1600191901, 9938109554036, 1, '31/12/2020'),
(1600191902, 9812643598705, 1, '31/12/2020'),
(1600191903, 6536356727591, 1, '31/12/2020'),
(1600191904, 7908883453963, 1, '31/12/2020'),
(1600191905, 7086060951779, 1, '31/12/2020'),
(1600191906, 1133944378585, 1, '31/12/2020'),
(1600191907, 1699968657304, 1, '31/12/2020'),
(1600191908, 4771278658588, 1, '31/12/2020'),
(1600191909, 3031298900290, 1, '31/12/2020'),
(1600191910, 2692844556631, 1, '31/12/2020'),
(1600191911, 4489646649003, 1, '31/12/2020'),
(1600191912, 5595745685581, 1, '31/12/2020'),
(1600191913, 4180086110509, 1, '31/12/2020'),
(1600191914, 6899910121307, 1, '31/12/2020'),
(1600191915, 3650933061799, 1, '31/12/2020'),
(1600191916, 2941882796373, 1, '31/12/2020'),
(1600191917, 2618220927665, 1, '31/12/2020'),
(1600191918, 7251739222008, 1, '31/12/2020'),
(1600191919, 8689013953481, 1, '31/12/2020'),
(1600191920, 6639299075950, 1, '31/12/2020'),
(1600191921, 7317922781919, 1, '31/12/2020'),
(1600191922, 7359200735314, 1, '31/12/2020'),
(1600191923, 5900048332855, 1, '31/12/2020'),
(1600191924, 6386907491298, 1, '31/12/2020'),
(1600191925, 1420727121635, 1, '31/12/2020'),
(1600191926, 6332382250949, 1, '31/12/2020'),
(1600191927, 5225948970396, 1, '31/12/2020'),
(1600191928, 2243327327096, 1, '31/12/2020'),
(1600191929, 5182438735592, 1, '31/12/2020'),
(1600191930, 1528453256552, 1, '31/12/2020'),
(1600191931, 6293676954228, 1, '31/12/2020'),
(1600191932, 8245784471333, 1, '31/12/2020'),
(1600191933, 6660505121494, 1, '31/12/2020'),
(1600191934, 1632612411873, 1, '31/12/2020'),
(1600191935, 9739547441938, 1, '31/12/2020'),
(1600191936, 7349688436018, 1, '31/12/2020'),
(1600191937, 8982192194678, 1, '31/12/2020'),
(1600191938, 3278670773489, 1, '31/12/2020'),
(1600191939, 8511355265801, 1, '31/12/2020'),
(1600191940, 1946556682885, 1, '31/12/2020'),
(1600191941, 7284157193968, 1, '31/12/2020'),
(1600191942, 7973101779965, 1, '31/12/2020'),
(1600191943, 9268926819348, 1, '31/12/2020'),
(1600191944, 4158247716295, 1, '31/12/2020'),
(1600191945, 9788861719549, 1, '31/12/2020'),
(1600191946, 2192483052671, 1, '31/12/2020'),
(1600191947, 5174484118941, 1, '31/12/2020'),
(1600191948, 6092063189008, 1, '31/12/2020'),
(1600191949, 1818737051911, 1, '31/12/2020'),
(1600191950, 3880801271411, 1, '31/12/2020'),
(1600191951, 1761115219920, 1, '31/12/2020'),
(1600191952, 1076310119559, 1, '31/12/2020'),
(1600191953, 7619480922931, 1, '31/12/2020'),
(1600191954, 6200889237270, 1, '31/12/2020'),
(1600191955, 7872645606990, 1, '31/12/2020'),
(1600191956, 6676369957207, 1, '31/12/2020'),
(1600191957, 9681150906349, 1, '31/12/2020'),
(1600191958, 2340289460701, 1, '31/12/2020'),
(1600191959, 4453595874801, 1, '31/12/2020'),
(1600191960, 5765983426783, 1, '31/12/2020'),
(1600191961, 6319694630517, 1, '31/12/2020'),
(1600191962, 7832855938768, 1, '31/12/2020'),
(1600191963, 6169697629646, 1, '31/12/2020'),
(1600191964, 5314518642827, 1, '31/12/2020'),
(1600191965, 7452898233202, 1, '31/12/2020'),
(1600191966, 4057252504244, 1, '31/12/2020'),
(1600191967, 8355228317747, 1, '31/12/2020'),
(1600191968, 6242576041812, 1, '31/12/2020'),
(1600191969, 6669402705038, 1, '31/12/2020'),
(1600191970, 1196791330322, 1, '31/12/2020'),
(1600191971, 4644197505273, 1, '31/12/2020'),
(1600191972, 7394663191183, 1, '31/12/2020'),
(1600191973, 9637897091219, 1, '31/12/2020'),
(1600191974, 8825138759462, 1, '31/12/2020'),
(1600191975, 7009360886111, 1, '31/12/2020'),
(1600191976, 1059075624433, 1, '31/12/2020'),
(1600191977, 3028403175087, 1, '31/12/2020'),
(1600191978, 7187020889469, 1, '31/12/2020'),
(1600191979, 8944881077464, 1, '31/12/2020'),
(1600191980, 6208030232545, 1, '31/12/2020'),
(1600191981, 5546004594625, 1, '31/12/2020'),
(1600191982, 3394851144295, 1, '31/12/2020'),
(1600191983, 7989495618513, 1, '31/12/2020'),
(1600191984, 7275242448127, 1, '31/12/2020'),
(1600191985, 9475974426378, 1, '31/12/2020'),
(1600191986, 4927241689238, 1, '31/12/2020'),
(1600191987, 7247461113117, 1, '31/12/2020'),
(1600191988, 7502064750579, 1, '31/12/2020'),
(1600191989, 1395791567457, 1, '31/12/2020'),
(1600191990, 3557753451382, 1, '31/12/2020'),
(1600191991, 3278670760368, 1, '31/12/2020'),
(1600191992, 4871462109116, 1, '31/12/2020'),
(1600191993, 4370102748201, 1, '31/12/2020'),
(1600191994, 1124207594605, 1, '31/12/2020'),
(1600191995, 5096155004518, 1, '31/12/2020'),
(1600191996, 4354891086450, 1, '31/12/2020'),
(1600191997, 9892315195849, 1, '31/12/2020'),
(1600191998, 9072445125016, 1, '31/12/2020'),
(1600191999, 6983719267761, 1, '31/12/2020'),
(1600192000, 6063480813428, 1, '31/12/2020'),
(1600192001, 9211600615953, 1, '31/12/2020'),
(1600192002, 5770120789131, 1, '31/12/2020'),
(1600192003, 2402773301550, 1, '31/12/2020'),
(1600192004, 4071073229676, 1, '31/12/2020'),
(1600192005, 3588779126900, 1, '31/12/2020'),
(1600192006, 6485856951528, 1, '31/12/2020'),
(1600192007, 1984618071434, 1, '31/12/2020'),
(1600192008, 1748632366065, 1, '31/12/2020'),
(1600192009, 2629164773628, 1, '31/12/2020'),
(1600192010, 9249074485549, 1, '31/12/2020'),
(1600192011, 2562539726828, 1, '31/12/2020'),
(1600192012, 3112189741373, 1, '31/12/2020'),
(1600192013, 6537537776162, 1, '31/12/2020'),
(1600192014, 6575495550831, 1, '31/12/2020'),
(1600192015, 6702532725081, 1, '31/12/2020'),
(1600192016, 9995841998536, 1, '31/12/2020'),
(1600192017, 6615490951959, 1, '31/12/2020'),
(1600192018, 5824864063594, 1, '31/12/2020'),
(1600192019, 7689582895422, 1, '31/12/2020'),
(1600192020, 7392237168443, 1, '31/12/2020'),
(1600192021, 1234633462280, 1, '31/12/2020'),
(1600192022, 8943315108712, 1, '31/12/2020'),
(1600192023, 5447727552979, 1, '31/12/2020'),
(1600192024, 8385955483271, 1, '31/12/2020'),
(1600192025, 3960819787399, 1, '31/12/2020'),
(1600192026, 2350912896259, 1, '31/12/2020'),
(1600192027, 5785916119161, 1, '31/12/2020'),
(1600192028, 7467770775010, 1, '31/12/2020'),
(1600192029, 1691925104500, 1, '31/12/2020'),
(1600192030, 6366301810576, 1, '31/12/2020'),
(1600192031, 4364849188804, 1, '31/12/2020'),
(1600192032, 7201607978044, 1, '31/12/2020'),
(1600192033, 6191591197145, 1, '31/12/2020'),
(1600192034, 3595124076528, 1, '31/12/2020'),
(1600192035, 5029518660201, 1, '31/12/2020'),
(1600192036, 3847318352952, 1, '31/12/2020'),
(1600192037, 1687695583027, 1, '31/12/2020'),
(1600192038, 2987698069854, 1, '31/12/2020'),
(1600192039, 9690209722467, 1, '31/12/2020'),
(1600192040, 3307853611429, 1, '31/12/2020'),
(1600192041, 7046887239944, 1, '31/12/2020'),
(1600192042, 2167464699720, 1, '31/12/2020'),
(1600192043, 2645107205880, 1, '31/12/2020'),
(1600192044, 7325734809095, 1, '31/12/2020'),
(1600192045, 6984130483800, 1, '31/12/2020'),
(1600192046, 7196010422008, 1, '31/12/2020'),
(1600192047, 6854852476785, 1, '31/12/2020'),
(1600192048, 9272677380923, 1, '31/12/2020'),
(1600192049, 2059076873012, 1, '31/12/2020'),
(1600192050, 5909194516566, 1, '31/12/2020'),
(1600192051, 3568536764354, 1, '31/12/2020'),
(1600192052, 1146980385615, 1, '31/12/2020'),
(1600192053, 7108040854769, 1, '31/12/2020'),
(1600192054, 2236368526344, 1, '31/12/2020'),
(1600192055, 3382333352993, 1, '31/12/2020'),
(1600192056, 3657916988652, 1, '31/12/2020'),
(1600192057, 1184992951498, 1, '31/12/2020'),
(1600192058, 5588390786938, 1, '31/12/2020'),
(1600192059, 3878631902859, 1, '31/12/2020'),
(1600192060, 5756824913619, 1, '31/12/2020'),
(1600192061, 2800294975623, 1, '31/12/2020'),
(1600192062, 3983745880316, 1, '31/12/2020'),
(1600192063, 5024438420396, 1, '31/12/2020'),
(1600192064, 5856661600415, 1, '31/12/2020'),
(1600192065, 3694904499735, 1, '31/12/2020'),
(1600192066, 7574936409934, 1, '31/12/2020'),
(1600192067, 9654006901227, 1, '31/12/2020'),
(1600192068, 9880029614276, 1, '31/12/2020'),
(1600192069, 9433314265289, 1, '31/12/2020'),
(1600192070, 4789576072554, 1, '31/12/2020'),
(1600192071, 5666721006983, 1, '31/12/2020'),
(1600192072, 9259414799197, 1, '31/12/2020'),
(1600192073, 2097357286177, 1, '31/12/2020'),
(1600192074, 7216404895912, 1, '31/12/2020'),
(1600192075, 3722516144223, 1, '31/12/2020'),
(1600192076, 5734992667264, 1, '31/12/2020'),
(1600192077, 6992605329672, 1, '31/12/2020'),
(1600192078, 5232785841654, 1, '31/12/2020'),
(1600192079, 1198617388763, 1, '31/12/2020'),
(1600192080, 7979925629054, 1, '31/12/2020'),
(1600192081, 9048558789567, 1, '31/12/2020'),
(1600192082, 3328510287520, 1, '31/12/2020'),
(1600192083, 1117903986941, 1, '31/12/2020'),
(1600192084, 8715480802182, 1, '31/12/2020'),
(1600192085, 1183730692966, 1, '31/12/2020'),
(1600192086, 3321791387056, 1, '31/12/2020'),
(1600192087, 9731674193491, 1, '31/12/2020'),
(1600192088, 8613985844218, 1, '31/12/2020'),
(1600192089, 3533892506655, 1, '31/12/2020'),
(1600192090, 7285283054430, 1, '31/12/2020'),
(1600192091, 2491416423184, 1, '31/12/2020'),
(1600192092, 2348417615239, 1, '31/12/2020'),
(1600192093, 4196791243614, 1, '31/12/2020'),
(1600192094, 1789380766613, 1, '31/12/2020'),
(1600192095, 4696723684565, 1, '31/12/2020'),
(1600192096, 9567367314077, 1, '31/12/2020'),
(1600192097, 1941882789540, 1, '31/12/2020'),
(1600192098, 4098766189070, 1, '31/12/2020'),
(1600192099, 9464154190801, 1, '31/12/2020'),
(1600192100, 9873510308950, 1, '31/12/2020'),
(1600192101, 7382721040843, 1, '31/12/2020'),
(1600192102, 5530396767510, 1, '31/12/2020'),
(1600192103, 1899792699251, 1, '31/12/2020'),
(1600192104, 9340761374840, 1, '31/12/2020'),
(1600192105, 5124645356788, 1, '31/12/2020'),
(1600192106, 4216036955795, 1, '31/12/2020'),
(1600192107, 8815767547120, 1, '31/12/2020'),
(1600192108, 7350312875966, 1, '31/12/2020'),
(1600192109, 6219916443198, 1, '31/12/2020'),
(1600192110, 4591449530697, 1, '31/12/2020'),
(1600192111, 4118606351444, 1, '31/12/2020'),
(1600192112, 8124207613328, 1, '31/12/2020'),
(1600192113, 4973898711591, 1, '31/12/2020'),
(1600192114, 3862204523087, 1, '31/12/2020'),
(1600192115, 4471016487939, 1, '31/12/2020'),
(1600192116, 1093579964079, 1, '31/12/2020'),
(1600192117, 7187120001597, 1, '31/12/2020'),
(1600192118, 7022550636010, 1, '31/12/2020'),
(1600192119, 8722582140777, 1, '31/12/2020'),
(1600192120, 3377528382457, 1, '31/12/2020'),
(1600192121, 7502065311877, 1, '31/12/2020'),
(1600192122, 4323646140818, 1, '31/12/2020'),
(1600192123, 5812609759415, 1, '31/12/2020'),
(1600192124, 3108918063428, 1, '31/12/2020'),
(1600192125, 9373951356753, 1, '31/12/2020'),
(1600192126, 1764568780540, 1, '31/12/2020'),
(1600192127, 7196425326080, 1, '31/12/2020'),
(1600192128, 2306076328263, 1, '31/12/2020'),
(1600192129, 2274591462139, 1, '31/12/2020'),
(1600192130, 8418267492511, 1, '31/12/2020'),
(1600192131, 5455205066757, 1, '31/12/2020'),
(1600192132, 4369022298707, 1, '31/12/2020'),
(1600192133, 3221116056473, 1, '31/12/2020'),
(1600192134, 7335469268471, 1, '31/12/2020'),
(1600192135, 1387335876457, 1, '31/12/2020'),
(1600192136, 1457184592480, 1, '31/12/2020'),
(1600192137, 4744993609148, 1, '31/12/2020'),
(1600192138, 9460646893301, 1, '31/12/2020'),
(1600192139, 8853508809690, 1, '31/12/2020'),
(1600192140, 6425826525781, 1, '31/12/2020'),
(1600192141, 2307562406616, 1, '31/12/2020'),
(1600192142, 1350900736817, 1, '31/12/2020'),
(1600192143, 1490151443492, 1, '31/12/2020'),
(1600192144, 1820952225672, 1, '31/12/2020'),
(1600192145, 8229163306169, 1, '31/12/2020'),
(1600192146, 5779230908841, 1, '31/12/2020'),
(1600192147, 7117514132835, 1, '31/12/2020'),
(1600192148, 5302941051814, 1, '31/12/2020'),
(1600192149, 6694343396193, 1, '31/12/2020'),
(1600192150, 2075638102824, 1, '31/12/2020'),
(1600192151, 2102170125368, 1, '31/12/2020'),
(1600192152, 3334950848054, 1, '31/12/2020'),
(1600192153, 7786179027402, 1, '31/12/2020'),
(1600192154, 2873510342996, 1, '31/12/2020'),
(1600192155, 1104480863362, 1, '31/12/2020'),
(1600192156, 3894762470580, 1, '31/12/2020'),
(1600192157, 4269331460240, 1, '31/12/2020'),
(1600192158, 3904430630006, 1, '31/12/2020'),
(1600192159, 5190120957572, 1, '31/12/2020'),
(1600192160, 9591556715385, 1, '31/12/2020'),
(1600192161, 3463538225863, 1, '31/12/2020'),
(1600192162, 5798524959023, 1, '31/12/2020'),
(1600192163, 4654879986509, 1, '31/12/2020'),
(1600192164, 2784900063079, 1, '31/12/2020'),
(1600192165, 9543188705853, 1, '31/12/2020'),
(1600192166, 6647573968168, 1, '31/12/2020'),
(1600192167, 4923802235500, 1, '31/12/2020'),
(1600192168, 6224922827525, 1, '31/12/2020'),
(1600192169, 9281550722163, 1, '31/12/2020'),
(1600192170, 2048673504565, 1, '31/12/2020'),
(1600192171, 1120137295173, 1, '31/12/2020'),
(1600192172, 4838519499252, 1, '31/12/2020'),
(1600192173, 1619480894305, 1, '31/12/2020'),
(1600192174, 6961189610903, 1, '31/12/2020'),
(1600192175, 1429170381746, 1, '31/12/2020'),
(1600192176, 8185417294356, 1, '31/12/2020'),
(1600192177, 5110898269954, 1, '31/12/2020'),
(1600192178, 8759349176032, 1, '31/12/2020'),
(1600192179, 9545195232770, 1, '31/12/2020'),
(1600192180, 7533069684892, 1, '31/12/2020'),
(1600192181, 8603288813168, 1, '31/12/2020'),
(1600192182, 2397659359785, 1, '31/12/2020'),
(1600192183, 1547703210193, 1, '31/12/2020'),
(1600192184, 1821996376088, 1, '31/12/2020'),
(1600192185, 4337739146023, 1, '31/12/2020'),
(1600192186, 3046291953406, 1, '31/12/2020'),
(1600192187, 8096770866775, 1, '31/12/2020'),
(1600192188, 3579718530516, 1, '31/12/2020'),
(1600192189, 3498785238029, 1, '31/12/2020'),
(1600192190, 5945057753715, 1, '31/12/2020'),
(1600192191, 7808493369491, 1, '31/12/2020'),
(1600192192, 8836861870176, 1, '31/12/2020'),
(1600192193, 7164464112384, 1, '31/12/2020'),
(1600192194, 8218810250234, 1, '31/12/2020'),
(1600192195, 6655391252906, 1, '31/12/2020'),
(1600192196, 2679358520169, 1, '31/12/2020'),
(1600192197, 5242037889602, 1, '31/12/2020'),
(1600192198, 7976979230671, 1, '31/12/2020'),
(1600192199, 6648601972356, 1, '31/12/2020'),
(1600192200, 2327529647040, 1, '31/12/2020'),
(1600192201, 9766193548440, 1, '31/12/2020'),
(1600192202, 9709363699612, 1, '31/12/2020'),
(1600192203, 9024643715669, 1, '31/12/2020'),
(1600192204, 5784900079153, 1, '31/12/2020'),
(1600192205, 6141635018213, 1, '31/12/2020'),
(1600192206, 4267371321245, 1, '31/12/2020'),
(1600192207, 9159818868555, 1, '31/12/2020'),
(1600192208, 1142763543163, 1, '31/12/2020'),
(1600192209, 3690772898141, 1, '31/12/2020');

-- --------------------------------------------------------

--
-- Table structure for table `users`
--

CREATE TABLE IF NOT EXISTS `users` (
  `id` int(11) NOT NULL,
  `nom` varchar(100) NOT NULL,
  `prenom` varchar(100) NOT NULL,
  `email` varchar(100) NOT NULL,
  `passwd` varchar(100) NOT NULL,
  `role` varchar(15) NOT NULL DEFAULT 'vendeur'
) ENGINE=InnoDB AUTO_INCREMENT=1426944624 DEFAULT CHARSET=utf8;

--
-- Dumping data for table `users`
--

INSERT INTO `users` (`id`, `nom`, `prenom`, `email`, `passwd`, `role`) VALUES
(420214227, 'Ben Ali', 'Samir', 'samir.benali@naviworld.tn', '$2y$10$OFUyn8iIQk/2C7PWfZr0U.w7wIZHOk5r8a4QnO2.TD4h6GGYB2.g2', 'vendeur'),
(614425814, 'Ben Nasr', 'Slah', 'slah.nasr@naviworld.tn', '$2y$10$zSI4KQVLfIUoXtgSnojBhuDSV3UPEo4KuMpFYjlW65U1U7g03SCcu', 'gestionnaire'),
(1426944623, 'Hedhly', 'Houcem', 'hedhoucem@gmail.com', '$2y$10$T3Q.IXldIs2WHeUk/r9pw.Lu5tOva8MUcmXqT5FmGn1xnepBxOV0y', 'boss');

--
-- Indexes for dumped tables
--

--
-- Indexes for table `commande`
--
ALTER TABLE `commande`
  ADD PRIMARY KEY (`id`),
  ADD KEY `idClient` (`idClient`);

--
-- Indexes for table `customers`
--
ALTER TABLE `customers`
  ADD PRIMARY KEY (`id`),
  ADD UNIQUE KEY `email` (`email`);

--
-- Indexes for table `historyprint`
--
ALTER TABLE `historyprint`
  ADD PRIMARY KEY (`idLigneImpression`,`nserie`),
  ADD KEY `idLigneImpression` (`idLigneImpression`),
  ADD KEY `historyprint_ibfk_1` (`nserie`);

--
-- Indexes for table `historyvendu`
--
ALTER TABLE `historyvendu`
  ADD PRIMARY KEY (`idLigneCommande`,`nserie`),
  ADD KEY `nserie` (`nserie`);

--
-- Indexes for table `impressiontkt`
--
ALTER TABLE `impressiontkt`
  ADD PRIMARY KEY (`id`),
  ADD KEY `idAgent` (`idAgent`);

--
-- Indexes for table `lignecommande`
--
ALTER TABLE `lignecommande`
  ADD PRIMARY KEY (`id`),
  ADD KEY `idCommande` (`idCommande`);

--
-- Indexes for table `ligneimpression`
--
ALTER TABLE `ligneimpression`
  ADD PRIMARY KEY (`id`),
  ADD KEY `idImpressionTkt` (`idImpressionTkt`);

--
-- Indexes for table `lotlignecommande`
--
ALTER TABLE `lotlignecommande`
  ADD PRIMARY KEY (`idLigneCommande`,`nserie`),
  ADD KEY `lotLigneCommandeNserie` (`nserie`);

--
-- Indexes for table `lotligneimpression`
--
ALTER TABLE `lotligneimpression`
  ADD PRIMARY KEY (`idLigneImpression`,`nserie`),
  ADD KEY `nserie` (`nserie`);

--
-- Indexes for table `recharge`
--
ALTER TABLE `recharge`
  ADD PRIMARY KEY (`nserie`);

--
-- Indexes for table `users`
--
ALTER TABLE `users`
  ADD PRIMARY KEY (`id`);

--
-- AUTO_INCREMENT for dumped tables
--

--
-- AUTO_INCREMENT for table `lignecommande`
--
ALTER TABLE `lignecommande`
  MODIFY `id` int(11) NOT NULL AUTO_INCREMENT,AUTO_INCREMENT=40;
--
-- AUTO_INCREMENT for table `ligneimpression`
--
ALTER TABLE `ligneimpression`
  MODIFY `id` bigint(20) NOT NULL AUTO_INCREMENT,AUTO_INCREMENT=20;
--
-- AUTO_INCREMENT for table `users`
--
ALTER TABLE `users`
  MODIFY `id` int(11) NOT NULL AUTO_INCREMENT,AUTO_INCREMENT=1426944624;
--
-- Constraints for dumped tables
--

--
-- Constraints for table `commande`
--
ALTER TABLE `commande`
  ADD CONSTRAINT `commandeClient` FOREIGN KEY (`idClient`) REFERENCES `customers` (`id`) ON DELETE NO ACTION ON UPDATE NO ACTION;

--
-- Constraints for table `historyprint`
--
ALTER TABLE `historyprint`
  ADD CONSTRAINT `historyprint_ibfk_1` FOREIGN KEY (`idLigneImpression`) REFERENCES `ligneimpression` (`id`) ON DELETE NO ACTION ON UPDATE NO ACTION;

--
-- Constraints for table `historyvendu`
--
ALTER TABLE `historyvendu`
  ADD CONSTRAINT `historyvendu_ibfk_1` FOREIGN KEY (`idLigneCommande`) REFERENCES `lignecommande` (`id`);

--
-- Constraints for table `impressiontkt`
--
ALTER TABLE `impressiontkt`
  ADD CONSTRAINT `impressiontkt_ibfk_1` FOREIGN KEY (`idAgent`) REFERENCES `users` (`id`) ON DELETE NO ACTION ON UPDATE NO ACTION;

--
-- Constraints for table `lignecommande`
--
ALTER TABLE `lignecommande`
  ADD CONSTRAINT `ligneCommande_commande` FOREIGN KEY (`idCommande`) REFERENCES `commande` (`id`) ON DELETE NO ACTION ON UPDATE NO ACTION;

--
-- Constraints for table `ligneimpression`
--
ALTER TABLE `ligneimpression`
  ADD CONSTRAINT `ligneimpression_ibfk_1` FOREIGN KEY (`idImpressionTkt`) REFERENCES `impressiontkt` (`id`) ON DELETE NO ACTION ON UPDATE NO ACTION;

--
-- Constraints for table `lotlignecommande`
--
ALTER TABLE `lotlignecommande`
  ADD CONSTRAINT `lotLigneCommandeLigne` FOREIGN KEY (`idLigneCommande`) REFERENCES `lignecommande` (`id`) ON DELETE NO ACTION ON UPDATE NO ACTION;

--
-- Constraints for table `lotligneimpression`
--
ALTER TABLE `lotligneimpression`
  ADD CONSTRAINT `lotligneimpression_ibfk_1` FOREIGN KEY (`idLigneImpression`) REFERENCES `ligneimpression` (`id`) ON DELETE NO ACTION ON UPDATE NO ACTION;

/*!40101 SET CHARACTER_SET_CLIENT=@OLD_CHARACTER_SET_CLIENT */;
/*!40101 SET CHARACTER_SET_RESULTS=@OLD_CHARACTER_SET_RESULTS */;
/*!40101 SET COLLATION_CONNECTION=@OLD_COLLATION_CONNECTION */;
